AElig	Æ
AMP	&
APLboxquestion	⍰
APLboxupcaret	⍓
APLnotbackslash	⍀
APLnotslash	⌿
Aa	Ꜳ
Aacute	Á
Abreve	Ă
Acirc	Â
Acy	А
Ae	Æ
Afr	𝔄
Agrave	À
Ah	𐒳
Ak	𐲔
Alfa	Ⲁ
Alif	𞤀
Alpha	Α
Am	𑢶
Amacr	Ā
Amb	𐲃
And	⩓
Ang	𑢪
Angstrom	Å
Ao	Ꜵ
Aogon	Ą
Aopf	𝔸
ApplyFunction	⁡
Aring	Å
Ascr	𝒜
Assign	≔
At	𑢵
Atilde	Ã
Atiu	𖹄
Au	Ꜷ
Auml	Ä
Av	Ꜹ
Ay	Ꜽ
Ayb	Ա
Azu	Ⰰ
Backslash	∖
Barv	⫧
Barwed	⌆
BbbA	𝔸
BbbB	𝔹
BbbC	ℂ
BbbD	𝔻
BbbE	𝔼
BbbF	𝔽
BbbG	𝔾
BbbGamma	ℾ
BbbH	ℍ
BbbI	𝕀
BbbJ	𝕁
BbbK	𝕂
BbbL	𝕃
BbbM	𝕄
BbbN	ℕ
BbbO	𝕆
BbbP	ℙ
BbbPi	ℿ
BbbQ	ℚ
BbbR	ℝ
BbbS	𝕊
BbbT	𝕋
BbbU	𝕌
BbbV	𝕍
BbbW	𝕎
BbbX	𝕏
BbbY	𝕐
BbbZ	ℤ
Bbba	𝕒
Bbbb	𝕓
Bbbc	𝕔
Bbbd	𝕕
Bbbe	𝕖
Bbbeight	𝟠
Bbbf	𝕗
Bbbfive	𝟝
Bbbfour	𝟜
Bbbg	𝕘
Bbbgamma	ℽ
Bbbh	𝕙
Bbbi	𝕚
Bbbj	𝕛
Bbbk	𝕜
Bbbl	𝕝
Bbbm	𝕞
Bbbn	𝕟
Bbbnine	𝟡
Bbbo	𝕠
Bbbone	𝟙
Bbbp	𝕡
Bbbpi	ℼ
Bbbq	𝕢
Bbbr	𝕣
Bbbs	𝕤
Bbbseven	𝟟
Bbbsix	𝟞
Bbbsum	⅀
Bbbt	𝕥
Bbbthree	𝟛
Bbbtwo	𝟚
Bbbu	𝕦
Bbbv	𝕧
Bbbw	𝕨
Bbbx	𝕩
Bbby	𝕪
Bbbz	𝕫
Bbbzero	𝟘
Bbe	𐕱
Bcy	Б
Because	∵
Bee	𐐒
Ben	Բ
Bernoullis	ℬ
Beta	Β
Bfr	𝔅
Bhe	𞤇
Bopf	𝔹
Bra	𐒴
Breve	˘
Bscr	ℬ
Bu	𑢷
Buky	Ⰱ
Bumpeq	≎
CHcy	Ч
COPY	©
Cacute	Ć
Cap	⋒
CapitalDifferentialD	ⅅ
Cayleys	ℭ
Ccaron	Č
Ccedil	Ç
Cche	Ꚇ
Ccirc	Ĉ
Cconint	∰
Cdot	Ċ
Ce	𐕳
Cedilla	¸
CenterDot	·
Cfr	ℭ
Chee	𐐕
Cheh	Ճ
Chi	Χ
Chrivi	Ⱍ
CircleDot	⊙
CircleMinus	⊖
CirclePlus	⊕
CircleTimes	⊗
ClockwiseContourIntegral	∲
CloseCurlyDoubleQuote	”
CloseCurlyQuote	’
Co	Ց
Colon	∷
Colone	⩴
Coloneq	⩴
Con	Ꝯ
Congruent	≡
Conint	∯
ContourIntegral	∮
Copf	ℂ
Coproduct	∐
CounterClockwiseContourIntegral	∳
Cross	⨯
Cscr	𝒞
Cuatrillo	Ꜭ
Cup	⋓
CupCap	≍
DD	ⅅ
DDotrahd	⤑
DDownarrow	⟱
DJcy	Ђ
DScy	Ѕ
DZcy	Џ
Daali	𞤁
Dagger	‡
Dalda	Ⲇ
Darr	↡
DashV	⫥
DashVDash	⟚
Dashv	⫤
Dcaron	Ď
Dche	Ԭ
Dcy	Д
Ddownarrow	⤋
Dee	𐐔
Dei	Ϯ
Del	∇
Delta	Δ
Dfr	𝔇
Dhe	𐕶
DiacriticalAcute	´
DiacriticalDot	˙
DiacriticalDoubleAcute	˝
DiacriticalGrave	`
DiacriticalTilde	˜
Diamond	⋄
DifferentialD	ⅆ
Dje	Ђ
Djerv	Ꙉ
Djervi	Ⰼ
Dobro	Ⰴ
Dopf	𝔻
Dot	¨
DotDot	⃜
DotEqual	≐
Doteq	≑
DoubleContourIntegral	∯
DoubleDot	¨
DoubleDownArrow	⇓
DoubleLeftArrow	⇐
DoubleLeftRightArrow	⇔
DoubleLeftTee	⫤
DoubleLongLeftArrow	⟸
DoubleLongLeftRightArrow	⟺
DoubleLongRightArrow	⟹
DoubleRightArrow	⇒
DoubleRightTee	⊨
DoubleUpArrow	⇑
DoubleUpDownArrow	⇕
DoubleVerticalBar	∥
DownArrow	↓
DownArrowBar	⤓
DownArrowUpArrow	⇵
DownBreve	̑
DownLeftRightVector	⥐
DownLeftTeeVector	⥞
DownLeftVector	↽
DownLeftVectorBar	⥖
DownRightTeeVector	⥟
DownRightVector	⇁
DownRightVectorBar	⥗
DownTee	⊤
DownTeeArrow	↧
Downarrow	⇓
Dscr	𝒟
Dstrok	Đ
Dwe	Ꚁ
Dz	Ǳ
Dze	Ѕ
Dzhe	Џ
Dzwe	Ꚃ
Dzze	Ꚉ
Dzzhe	Ԫ
ENG	Ŋ
ETH	Ð
Eacute	É
Eb	𐲂
Ec	𐲄
Ecaron	Ě
Ecirc	Ê
Ecs	𐲆
Ecy	Э
Ed	𐲇
Edot	Ė
Ee	𐲋
Efr	𝔈
Eg	𐲍
Egrave	È
Egy	𐲎
Ehcha	𐒶
Ehka	𐒽
Ehpa	𐓅
Ehta	𐓉
Ehtsa	𐓋
Ei	𐕷
Eie	Ⲉ
Ein	𐒸
Ej	𐲒
Ek	𐲓
Element	∈
Elifi	Ჸ
Ely	𐲗
Emacr	Ē
Emp	𐲡
EmptySmallSquare	◻
EmptyVerySmallSquare	▫
Enc	𐲅
Eng	Ŋ
Enn	𑢰
Ent	𐲧
Eogon	Ę
Eopf	𝔼
Ep	𐲠
Epsilon	Ε
Equal	⩵
EqualTilde	≂
Equilibrium	⇌
Equiv	≣
Escr	ℰ
Esh	Ʃ
Esim	⩳
Esz	𐲥
Et	Ꝫ
Eta	Η
Eth	Ð
Ety	𐲨
Eulerconst	ℇ
Euml	Ë
Ev	𐲮
Ew	𐐧
Exclam	‼
Exists	∃
ExponentialE	ⅇ
Ez	𐲯
Ezh	Ʒ
Ezs	𐲰
Fcy	Ф
Fe	𐕹
Feh	Ֆ
Fei	Ϥ
Ffr	𝔉
FilledSmallSquare	◼
FilledVerySmallSquare	▪
Finv	Ⅎ
Fopf	𝔽
ForAll	∀
Fouriertrf	ℱ
Fritu	Ⱇ
Fscr	ℱ
GJcy	Ѓ
GT	>
Game	⅁
Gamma	Γ
Gammad	Ϝ
Gangia	Ϫ
Gay	𐐘
Gbe	𞤞
Gbreve	Ğ
Gcedil	Ģ
Gcirc	Ĝ
Gcy	Г
Gdot	Ġ
Gfr	𝔊
Gg	⋙
Gha	𐓑
Ghad	Ղ
Ghe	Г
Gim	Գ
Gje	Ѓ
Glagoli	Ⰳ
Gopf	𝔾
GreaterEqual	≥
GreaterEqualLess	⋛
GreaterFullEqual	≧
GreaterGreater	⪢
GreaterLess	≷
GreaterSlantEqual	⩾
GreaterTilde	≳
Gscr	𝒢
Gt	⪢
HARDcy	Ъ
Hacek	ˇ
Hat	^
Hate	Ⲏ
Hcirc	Ĥ
Heng	Ꜧ
Hermaphrodite	⚥
Heru	Ⱈ
Heta	Ͱ
Hfr	ℌ
Hha	𐕽
HilbertSpace	ℋ
Hiyo	𑢹
Ho	Հ
Holo	𑢺
Hopf	ℍ
Hori	Ϩ
HorizontalLine	─
Horr	𑢻
Hp	𖹖
Hscr	ℋ
Hstrok	Ħ
HumpDownHump	≎
HumpEqual	≏
Hwair	Ƕ
Hwe	Ꚕ
Hya	𐒺
IEcy	Е
IJlig	Ĳ
IOcy	Ё
Iacute	Í
Iauda	Ⲓ
Icirc	Î
Icy	И
Idot	İ
Ie	Е
Ifr	ℑ
Igrave	Ì
Ije	𐕿
Im	ℑ
Imacr	Ī
ImaginaryI	ⅈ
Implies	⇒
Ini	Ի
Int	∬
Integral	∫
Intersection	⋂
InvisibleComma	⁣
InvisibleTimes	⁢
Io	Ё
Iogon	Į
Iopf	𝕀
Iota	Ι
Is	Ꝭ
Iscr	ℐ
Itilde	Ĩ
Iukcy	І
Iuml	Ï
Izhe	Ⰹ
Jcirc	Ĵ
Jcy	Й
Jee	𐐖
Jfr	𝔍
Jheh	Ջ
Jiim	𞤔
Join	⨝
Jopf	𝕁
Jscr	𝒥
Jsercy	Ј
Jukcy	Є
KHcy	Х
KJcy	Ќ
Kaf	𞤑
Kako	Ⰽ
Kapa	Ⲕ
Kappa	Κ
Kay	𐐗
Kcedil	Ķ
Kcy	К
Keh	Ք
Ken	Կ
Kfr	𝔎
Khei	Ϧ
Khi	Ⲭ
Kje	Ќ
Ko	𑢬
Kopf	𝕂
Koppa	Ҁ
Kp	𖹆
Kpo	𞤠
Kscr	𝒦
Kya	𐒾
LJcy	Љ
LLeftarrow	⭅
LT	<
Laam	𞤂
Lacute	Ĺ
Lambda	Λ
Lang	⟪
Laplacetrf	ℒ
Larr	↞
Laula	Ⲗ
Lbrbrak	⟬
Lcaron	Ľ
Lcedil	Ļ
Lcy	Л
Ldsh	↲
LeftAngleBracket	⟨
LeftArrow	←
LeftArrowBar	⇤
LeftArrowRightArrow	⇆
LeftCeiling	⌈
LeftDoubleBracket	⟦
LeftDownTeeVector	⥡
LeftDownVector	⇃
LeftDownVectorBar	⥙
LeftFloor	⌊
LeftRightArrow	↔
LeftRightVector	⥎
LeftTee	⊣
LeftTeeArrow	↤
LeftTeeVector	⥚
LeftTriangle	⊲
LeftTriangleBar	⧏
LeftTriangleEqual	⊴
LeftUpDownVector	⥑
LeftUpTeeVector	⥠
LeftUpVector	↿
LeftUpVectorBar	⥘
LeftVector	↼
LeftVectorBar	⥒
Leftarrow	⇐
Leftrightarrow	⇔
LessEqualGreater	⋚
LessFullEqual	≦
LessGreater	≶
LessLess	⪡
LessSlantEqual	⩽
LessTilde	≲
Lfr	𝔏
Lha	Ԕ
Liwn	Լ
Lj	Ǉ
Lje	Љ
Ljudije	Ⰾ
Ll	⋘
Lla	𐖃
Lleftarrow	⇚
Lmidot	Ŀ
LongLeftArrow	⟵
LongLeftRightArrow	⟷
LongRightArrow	⟶
Longleftarrow	⟸
Longleftrightarrow	⟺
Longmapsfrom	⟽
Longmapsto	⟾
Longrightarrow	⟹
Lopf	𝕃
LowerLeftArrow	↙
LowerRightArrow	↘
Lparengtr	⦕
Lscr	ℒ
Lsh	↰
Lstrok	Ł
Lt	⪡
Lvzigzag	⧚
Map	⤅
Mapsfrom	⤆
Mapsto	⤇
Mcy	М
Me	𐖄
MediumSpace	 
Mellintrf	ℳ
Men	Մ
Mfr	𝔐
Mi	Ⲙ
Miim	𞤃
MinusPlus	∓
Mopf	𝕄
Mscr	ℳ
Mu	Μ
Myslite	Ⰿ
NJcy	Њ
Nacute	Ń
Nashi	Ⱀ
Ncaron	Ň
Ncedil	Ņ
Ncy	Н
Ne	𐖅
Nearrow	⇗
NegativeMediumSpace	​
NegativeThickSpace	​
NegativeThinSpace	​
NegativeVeryThinSpace	​
NestedGreaterGreater	≫
NestedLessLess	≪
Nfr	𝔑
Ngaa	𑢠
Nha	𞤛
Ni	Ⲛ
Nj	Ǌ
NoBreak	⁠
NonBreakingSpace	 
Nopf	ℕ
Not	⫬
NotCongruent	≢
NotCupCap	≭
NotDoubleVerticalBar	∦
NotElement	∉
NotEqual	≠
NotEqualTilde	≂̸
NotExists	∄
NotGreater	≯
NotGreaterEqual	≱
NotGreaterFullEqual	≧̸
NotGreaterGreater	≫̸
NotGreaterLess	≹
NotGreaterSlantEqual	⩾̸
NotGreaterTilde	≵
NotHumpDownHump	≎̸
NotHumpEqual	≏̸
NotLeftTriangle	⋪
NotLeftTriangleBar	⧏̸
NotLeftTriangleEqual	⋬
NotLess	≮
NotLessEqual	≰
NotLessGreater	≸
NotLessLess	≪̸
NotLessSlantEqual	⩽̸
NotLessTilde	≴
NotNestedGreaterGreater	⪢̸
NotNestedLessLess	⪡̸
NotPrecedes	⊀
NotPrecedesEqual	⪯̸
NotPrecedesSlantEqual	⋠
NotReverseElement	∌
NotRightTriangle	⋫
NotRightTriangleBar	⧐̸
NotRightTriangleEqual	⋭
NotSquareSubset	⊏̸
NotSquareSubsetEqual	⋢
NotSquareSuperset	⊐̸
NotSquareSupersetEqual	⋣
NotSubset	⊂⃒
NotSubsetEqual	⊈
NotSucceeds	⊁
NotSucceedsEqual	⪰̸
NotSucceedsSlantEqual	⋡
NotSucceedsTilde	≿̸
NotSuperset	⊃⃒
NotSupersetEqual	⊉
NotTilde	≁
NotTildeEqual	≄
NotTildeFullEqual	≇
NotTildeTilde	≉
NotVerticalBar	∤
Now	Ն
Nscr	𝒩
Ntilde	Ñ
Nu	Ν
Nun	𞤐
Nung	𑢳
Nwarrow	⇖
Ny	𖹗
OElig	Œ
Oacute	Ó
Ocirc	Ô
Ocy	О
Odblac	Ő
Odd	𑢱
Oe	𖹚
Oee	𐲟
Ofr	𝔒
Ograve	Ò
Oh	Օ
Oi	Ƣ
Oin	𐓃
Omacr	Ō
Omega	Ω
Omicron	Ο
Onu	Ⱁ
Oo	Ꝏ
Oopf	𝕆
Oou	Ⲱ
OpenCurlyDoubleQuote	“
OpenCurlyQuote	‘
Or	⩔
Oscr	𝒪
Oslash	Ø
Ot	Ѿ
Otilde	Õ
Otimes	⨷
Otu	Ⱉ
Ou	Ȣ
Ouml	Ö
OverBar	‾
OverBrace	⏞
OverBracket	⎴
OverParenthesis	⏜
Ow	𐐍
PartialD	∂
Pcy	П
Pee	𐐑
Peh	Պ
Pfr	𝔓
Phi	Φ
Pi	Π
Piwr	Փ
Planckconst	ℎ
PlusMinus	±
Poincareplane	ℌ
Pokoji	Ⱂ
Popf	ℙ
Pr	⪻
Prec	⪻
Precedes	≺
PrecedesEqual	⪯
PrecedesSlantEqual	≼
PrecedesTilde	≾
Prime	″
Product	∏
PropertyLine	⅊
Proportion	∷
Proportional	∝
Pscr	𝒫
Psi	Ψ
Pu	𑢸
QED	∎
QUOT	"
Qaaf	𞤗
Qfr	𝔔
Qopf	ℚ
Qscr	𝒬
Question	⁇
RBarr	⤐
REG	®
RRightarrow	⭆
Racute	Ŕ
Rang	⟫
Rarr	↠
Rarrtl	⤖
Rbrbrak	⟭
Rcaron	Ř
Rcedil	Ŗ
Rcy	Р
Rdsh	↳
Re	ℜ
Reh	Ր
ReverseElement	∋
ReverseEquilibrium	⇋
ReverseUpEquilibrium	⥯
Rfr	ℜ
Rha	Ԗ
Rho	Ρ
RightAngleBracket	⟩
RightArrow	→
RightArrowBar	⇥
RightArrowLeftArrow	⇄
RightCeiling	⌉
RightDoubleBracket	⟧
RightDownTeeVector	⥝
RightDownVector	⇂
RightDownVectorBar	⥕
RightFloor	⌋
RightTee	⊢
RightTeeArrow	↦
RightTeeVector	⥛
RightTriangle	⊳
RightTriangleBar	⧐
RightTriangleEqual	⊵
RightUpDownVector	⥏
RightUpTeeVector	⥜
RightUpVector	↾
RightUpVectorBar	⥔
RightVector	⇀
RightVectorBar	⥓
Rightarrow	⇒
Ritsi	Ⱃ
Ro	Ⲣ
Ropf	ℝ
RoundImplies	⥰
Rparenless	⦖
Rrightarrow	⇛
Rscr	ℛ
Rsh	↱
RuleDelayed	⧴
Rvzigzag	⧛
SHCHcy	Щ
SHcy	Ш
SOFTcy	Ь
Sacute	Ś
Saltillo	Ꞌ
Sampi	Ⳁ
Sc	⪼
Scaron	Š
Scedil	Ş
Schwa	Ə
Scirc	Ŝ
Scy	С
Se	𐖌
Searrow	⇘
Seh	Ս
Sfr	𝔖
Shcha	Щ
She	𐖍
Shei	Ϣ
Shha	Һ
Shima	Ϭ
Sho	Ϸ
ShortDownArrow	↓
ShortLeftArrow	←
ShortRightArrow	→
ShortUpArrow	↑
Shta	Ⱋ
Shtapic	Ⱜ
Shwe	Ꚗ
Sigma	Σ
Sii	𑢾
Sima	Ⲥ
Sinnyiiyhe	𞤅
Slovo	Ⱄ
SmallCircle	∘
Sopf	𝕊
Sou	Ⲋ
Sqcap	⩎
Sqcup	⩏
Sqrt	√
Square	□
SquareIntersection	⊓
SquareSubset	⊏
SquareSubsetEqual	⊑
SquareSuperset	⊐
SquareSupersetEqual	⊒
SquareUnion	⊔
Sscr	𝒮
Ssuu	𑢽
Star	⋆
Sub	⋐
Subset	⋐
SubsetEqual	⊆
Succ	⪼
Succeeds	≻
SucceedsEqual	⪰
SucceedsSlantEqual	≽
SucceedsTilde	≿
SuchThat	∋
Sum	∑
Sup	⋑
Superset	⊃
SupersetEqual	⊇
Supset	⋑
Swarrow	⇙
THORN	Þ
TRADE	™
TSHcy	Ћ
TScy	Ц
Tau	Τ
Tcaron	Ť
Tcedil	Ţ
Tche	Ꚓ
Tcy	Т
Tee	𐐓
Tfr	𝔗
The	𐖏
Thee	𐐜
Therefore	∴
Theta	Θ
Thethe	Ⲑ
ThickSpace	  
ThinSpace	 
Thorn	Þ
Tilde	∼
TildeEqual	≃
TildeFullEqual	≅
TildeTilde	≈
Tiwn	Տ
Tje	Ᲊ
To	Թ
Topf	𝕋
Tresillo	Ꜫ
TripleDot	⃛
Tsa	𐓊
Tscr	𝒯
Tse	Ц
Tsha	𐓌
Tshe	Ћ
Tsi	Ⱌ
Tsse	Ꚑ
Tstrok	Ŧ
Tswe	Ꚏ
Tte	𑢲
Tu	𞤚
Tvrido	Ⱅ
Twe	Ꚍ
Tz	Ꜩ
UUparrow	⟰
Ua	Ⲩ
Uacute	Ú
Uarr	↟
Uarrocir	⥉
Ubrcy	Ў
Ubreve	Ŭ
Uc	𑢯
Ucirc	Û
Ucy	У
Udblac	Ű
Ufr	𝔘
Ugrave	Ù
Uk	Ѹ
Uku	Ⱆ
Umacr	Ū
UnderBar	_
UnderBrace	⏟
UnderBracket	⎵
UnderParenthesis	⏝
Union	⋃
UnionPlus	⊎
Unk	𐲕
Uogon	Ų
Uopf	𝕌
UpArrow	↑
UpArrowBar	⤒
UpArrowDownArrow	⇅
UpDownArrow	↕
UpEquilibrium	⥮
UpTee	⊥
UpTeeArrow	↥
Uparrow	⇑
Updownarrow	⇕
UpperLeftArrow	↖
UpperRightArrow	↗
Upsi	ϒ
Upsilon	Υ
Uring	Ů
Us	𐲲
Uscr	𝒰
Utilde	Ũ
Uuml	Ü
Uuparrow	⤊
VDash	⊫
Va	𞤜
Vbar	⫫
Vcy	В
Vdash	⊩
Vdashl	⫦
Vede	Ⰲ
Vee	⩔
Vend	Ꝩ
Verbar	‖
Vert	‖
VerticalBar	∣
VerticalLine	|
VerticalSeparator	❘
VerticalTilde	≀
VeryThinSpace	 
Vew	Վ
Vfr	𝔙
Vida	Ⲃ
Viyo	𑢿
Vo	Ո
Vopf	𝕍
Vscr	𝒱
Vvdash	⊪
Vvert	⦀
Vy	Ꝡ
Waw	𞤏
Wcirc	Ŵ
Wedge	⩓
Wfr	𝔚
Wi	𑢢
Wopf	𝕎
Wscr	𝒲
Wu	𐐎
Wynn	Ƿ
Xa	𐵛
Xe	𐖒
Xeh	Խ
Xfr	𝔛
Xi	Ξ
Xopf	𝕏
Xscr	𝒳
YAcy	Я
YIcy	Ї
YUcy	Ю
Yacute	Ý
Yae	Ԙ
Yat	Ѣ
Yati	Ⱑ
Ycirc	Ŷ
Ycy	Ы
Yee	𐐏
Yeri	Ⱐ
Yestu	Ⰵ
Yfr	𝔜
Yhe	𞤎
Yiwn	Ւ
Yogh	Ȝ
Yopf	𝕐
Yot	Ϳ
Yscr	𝒴
Yuj	𑢮
Yuml	Ÿ
Yup	⅄
ZHcy	Ж
Zacute	Ź
Zal	𞤟
Zata	Ⲍ
Zbar	Ƶ
Zcaron	Ž
Zcy	З
Zdot	Ż
Zee	𐐞
Zemlja	Ⰸ
Zemlya	Ꙁ
ZeroWidthSpace	​
Zeta	Ζ
Zfr	ℨ
Zha	𐓓
Zhee	𐐠
Zhivete	Ⰶ
Zhwe	Ꚅ
Zopf	ℤ
Zscr	𝒵
aa	ꜳ
aacute	á
abacus	🧮
abreve	ă
ac	∾
acE	∾̳
accordion	🪗
accurrent	⏦
acd	∿
ace	∾̳
acidfree	♾
acirc	â
acute	́
acwcirclearrow	⥀
acwgapcirclearrow	⟲
acwleftarcarrow	⤹
acwopencirclearrow	↺
acwoverarcarrow	⤺
acwunderarcarrow	⤻
acy	а
admetos	⯥
adots	⋰
adult	🧑
ae	Æ
aelig	æ
aen	ⴭ
af	⁡
afr	𝔞
agrave	à
ah	𐒳
ain	𐓚
airplane	✈
ak	𐲔
aktieselskab	⅍
alefsym	ℵ
alembic	⚗
aleph	ℵ
alfa	ⲁ
alif	𞤢
alpha	α
am	𑢶
amacr	ā
amalg	⨿
amb	𐳃
ambulance	🚑
amp	&
ampersand	&
amphora	🏺
anchor	⚓
and	∧
andand	⩕
andd	⩜
andslope	⩘
andv	⩚
ang	∠
angdnr	⦟
ange	⦤
angle	∠
angles	⦞
angleubar	⦤
angmsd	∡
angmsdaa	⦨
angmsdab	⦩
angmsdac	⦪
angmsdad	⦫
angmsdae	⦬
angmsdaf	⦭
angmsdag	⦮
angmsdah	⦯
angrt	∟
angrtvb	⊾
angrtvbd	⦝
angsph	∢
angst	Å
angstrom	Å
angzarr	⍼
ankh	☥
annuity	⃧
ant	🐜
antenna	𜰈
anusvara	ᤲ
ao	Ꜵ
aogon	ą
aopf	𝕒
ap	≈
apE	⩰
apacir	⩯
ape	≊
apid	≋
aplboxquestion	⍰
aplboxupcaret	⍓
aplnotbackslash	⍀
aplnotslash	⌿
apollon	⯤
apos	'
apostrophe	'
applyfunction	⁡
approx	≈
approxeq	≊
approxeqq	⩰
approxident	≋
aquarius	♒
arabichad	𞻱
arabicmaj	𞻰
arc	⌒
arceq	≘
aries	♈
aring	å
ascr	𝒶
assert	⊦
assertion	⊦
assign	≔
ast	∗
asteq	⩮
asteraccent	⃰
asterisk	*
asterism	⁂
astraea	⯙
astrosun	☉
asymp	≍
asympeq	≍
at	𑢵
atilde	ã
atiu	𖹤
au	Ꜷ
aubergine	🍆
auml	ä
automobile	🚗
av	Ꜹ
avocado	🥑
awconint	∳
awint	⨑
axe	🪓
ay	Ꜽ
ayb	ա
azu	Ⰰ
bNot	⫭
baby	👶
backcong	≌
backdprime	‶
backepsilon	϶
backprime	‵
backsim	∽
backsimeq	⋍
backslash	\
backtrprime	‷
bacon	🥓
badger	🦡
bagel	🥯
bagmember	⋿
balloon	🎈
banana	🍌
banjo	🪕
bank	🏦
bar	̄
barV	⫪
barcap	⩃
barcup	⩂
bardownharpoonleft	⥡
bardownharpoonright	⥝
barleftarrow	⇤
barleftarrowrightarrowbar	↹
barleftharpoondown	⥖
barleftharpoonup	⥒
barovernorthwestarrow	↸
barrightarrowdiamond	⤠
barrightharpoondown	⥟
barrightharpoonup	⥛
baruparrow	⤒
barupharpoonleft	⥘
barupharpoonright	⥔
barv	⫧
barvee	⊽
barwed	⌅
barwedge	⊼
baseball	⚾
basket	🧺
bat	🦇
bath	🛀
bathtub	🛁
battery	🔋
bbba	𝔸
bbbb	𝔹
bbbc	ℂ
bbbd	𝔻
bbbe	𝔼
bbbeight	𝟠
bbbf	𝔽
bbbfive	𝟝
bbbfour	𝟜
bbbg	𝔾
bbbgamma	ℽ
bbbh	ℍ
bbbi	𝕀
bbbj	𝕁
bbbk	𝕂
bbbl	𝕃
bbbm	𝕄
bbbn	ℕ
bbbnine	𝟡
bbbo	𝕆
bbbone	𝟙
bbbp	ℙ
bbbpi	ℼ
bbbq	ℚ
bbbr	ℝ
bbbs	𝕊
bbbseven	𝟟
bbbsix	𝟞
bbbsum	⅀
bbbt	𝕋
bbbthree	𝟛
bbbtwo	𝟚
bbbu	𝕌
bbbv	𝕍
bbbw	𝕎
bbbx	𝕏
bbby	𝕐
bbbz	ℤ
bbbzero	𝟘
bbe	𐖘
bbrk	⎵
bbrktbrk	⎶
bcong	≌
bcy	б
bdquo	„
bdtriplevdash	┆
beans	🫘
beaver	🦫
becaus	∵
because	∵
bed	🛏
bee	𐐒
beetle	🪲
bell	🔔
bemptyv	⦰
ben	Բ
benzenr	⏣
bepsi	϶
bernou	ℬ
bernoullis	ℬ
beta	β
beth	ℶ
between	≬
bfr	𝔟
bhe	𞤩
bicycle	🚲
bicyclist	🚴
bigblacktriangledown	▼
bigblacktriangleup	▲
bigbot	⟘
bigcap	⋂
bigcirc	◯
bigcup	⋃
bigcupdot	⨃
biginterleave	⫼
bigodot	⨀
bigoplus	⨁
bigotimes	⨂
bigslopedvee	⩗
bigslopedwedge	⩘
bigsqcap	⨅
bigsqcup	⨆
bigstar	★
bigtalloblong	⫿
bigtimes	⨉
bigtop	⟙
bigtriangledown	▽
bigtriangleleft	⨞
bigtriangleup	△
biguplus	⨄
bigvee	⋁
bigwedge	⋀
bigwhitestar	☆
bikini	👙
billiards	🎱
bird	🐦
bison	🦬
bkarow	⤍
blackcircledownarrow	⧭
blackcircledrightdot	⚈
blackcircledtwodots	⚉
blackcircleulquadwhite	◕
blackdiamonddownarrow	⧪
blackhourglass	⧗
blackinwhitediamond	◈
blackinwhitesquare	▣
blacklefthalfcircle	◖
blacklozenge	⧫
blackpointerleft	◄
blackpointerright	►
blackrighthalfcircle	◗
blacksmiley	☻
blacksquare	▪
blacktriangle	▴
blacktriangledown	▾
blacktriangleleft	◀
blacktriangleright	▶
blank	␣
blanksymbol	␢
blkhorzoval	⬬
blkvertoval	⬮
block	█
blockfull	█
blockhalfshaded	▒
blocklefthalf	▌
blocklowhalf	▄
blockqtrshaded	░
blockrighthalf	▐
blockthreeqtrshaded	▓
blockuphalf	▀
blossom	🌼
blowfish	🐡
blueberries	🫐
bne	=⃥
bnequiv	≡⃥
bnot	⌐
boar	🐗
bomb	💣
bone	🦴
book	🕮
bookmark	🔖
books	📚
boomerang	🪃
bopf	𝕓
bot	⊥
botsemicircle	◡
bottom	⊥
bouquet	💐
bowling	🎳
bowtie	⋈
boxDL	╗
boxDR	╔
boxDl	╖
boxDr	╓
boxH	═
boxHD	╦
boxHU	╩
boxHd	╤
boxHu	╧
boxUL	╝
boxUR	╚
boxUl	╜
boxUr	╙
boxV	║
boxVH	╬
boxVL	╣
boxVR	╠
boxVh	╫
boxVl	╢
boxVr	╟
boxast	⧆
boxbar	◫
boxbox	⧈
boxbslash	⧅
boxcircle	⧇
boxdL	╕
boxdR	╒
boxdiag	⧄
boxdl	┐
boxdot	⊡
boxdr	┌
boxh	─
boxhD	╥
boxhU	╨
boxhd	┬
boxhu	┴
boxminus	⊟
boxonbox	⧉
boxplus	⊞
boxtimes	⊠
boxuL	╛
boxuR	╘
boxul	┘
boxur	└
boxv	│
boxvH	╪
boxvL	╡
boxvR	╞
boxvh	┼
boxvl	┤
boxvr	├
boy	👦
bprime	‵
bra	𐓜
brain	🧠
bread	🍞
breve	˘
brick	🧱
briefcase	💼
briefs	🩲
broccoli	🥦
broom	🧹
brvbar	¦
bscr	𝒷
bsemi	⁏
bsim	∽
bsime	⋍
bsimilarleftarrow	⭁
bsimilarrightarrow	⭇
bsol	\
bsolb	⧅
bsolhsub	⟈
btimes	⨲
bu	𑢷
bubbles	🫧
bucket	🪣
bug	🐛
buky	ⰱ
bull	•
bullet	•
bullhorn	🕫
bullseye	◎
bump	≎
bumpE	⪮
bumpe	≏
bumpeq	≏
bumpeqq	⪮
burrito	🌯
bus	🚌
butter	🧈
butterfly	🦋
cactus	🌵
cacute	ć
caduceus	☤
calendar	📅
camera	📷
camping	🏕
cancer	♋
candle	🕯
candra	̐
candy	🍬
canoe	🛶
cap	∩
capand	⩄
capbarcup	⩉
capbrcup	⩉
capcap	⩋
capcup	⩇
capdot	⩀
capitaldifferentiald	ⅅ
capitulum	⸿
capovercup	⩇
capricorn	♑
caps	∩︀
capwedge	⩄
caret	‸
caretinsert	‸
caron	ˇ
carriagereturn	↵
carrot	🥕
castle	⛫
cat	🐈
cayleys	ℭ
cbrt	∛
ccaps	⩍
ccaron	č
ccedil	ç
cche	ꚇ
ccirc	ĉ
cconint	∰
ccups	⩌
ccupssm	⩐
ccwundercurvearrow	⤿
cdot	⋅
cdotp	·
ce	𐕳
cedil	¸
cedilla	¸
cemptyv	⦲
cent	¢
centerdot	·
ceres	⚳
cfr	𝔠
chains	⛓
chair	🪑
char	ⴝ
chcy	ч
check	̌
checkmark	✓
chee	𐐽
cheh	ճ
cherries	🍒
chestnut	🌰
chi	χ
chicken	🐔
child	🧒
chin	ⴙ
chipmunk	🐿
chiron	⚷
chopsticks	🥢
chrivi	ⱍ
church	⛪
cil	ⴜ
cinema	🎦
cir	○
cirE	⧃
cirbot	⟟
circ	∘
circeq	≗
circlearrowleft	↺
circlearrowright	↻
circlebottomhalfblack	◒
circledR	®
circledS	Ⓢ
circledast	⊛
circledbullet	⦿
circledcirc	⊚
circleddash	⊝
circledequal	⊜
circledot	⊙
circledownarrow	⧬
circledparallel	⦷
circledr	®
circledrightdot	⚆
circleds	Ⓢ
circledstar	✪
circledtwodots	⚇
circledvert	⦶
circledwhitebullet	⦾
circlehbar	⦵
circlelefthalfblack	◐
circlellquad	◵
circlelrquad	◶
circleminus	⊖
circleonleftarrow	⬰
circleonrightarrow	⇴
circleplus	⊕
circlerighthalfblack	◑
circletimes	⊗
circletophalfblack	◓
circleulquad	◴
circleurquad	◷
circleurquadblack	◔
circlevertfill	◍
cire	≗
cirfnint	⨐
cirmid	⫯
cirscir	⧂
cityscape	🏙
clipboard	📋
clockwisecontourintegral	∲
closecurlydoublequote	”
closecurlyquote	’
closedvarcap	⩍
closedvarcup	⩌
closedvarcupsmashprod	⩐
closure	⁐
cloud	☁
clubs	♣
clubsuit	♣
co	ց
coat	🧥
cockroach	🪳
coconut	🥥
coffin	⚰
coin	🪙
colon	:
colone	≔
coloneq	≔
comet	☄
comma	,
commaminus	⨩
commat	@
comp	∁
compass	🧭
compfn	∘
complement	∁
complex	ℂ
complexes	ℂ
compression	🗜
con	ꝯ
concavediamond	⟡
concavediamondtickleft	⟢
concavediamondtickright	⟣
cong	≅
congdot	⩭
congruent	≡
conictaper	⌲
conint	∮
conjquant	⨇
conjunction	☌
contourintegral	∮
cookie	🍪
cooking	🍳
copf	𝕔
coprod	∐
coproduct	∐
copy	©
copysr	℗
coral	🪸
counterbore	⌴
counterclockwisecontourintegral	∳
countersink	⌵
cow	🐄
crab	🦀
crarr	↵
cricket	🦗
crocodile	🐊
croissant	🥐
cross	✗
crown	👑
crutch	🩼
cscr	𝒸
csub	⫏
csube	⫑
csup	⫐
csupe	⫒
ctdot	⋯
cuatrillo	ꜭ
cuberoot	∛
cucumber	🥒
cudarrl	⤸
cudarrr	⤵
cuepr	⋞
cuesc	⋟
cularr	↶
cularrp	⤽
cup	∪
cupbarcap	⩈
cupbrcap	⩈
cupcake	🧁
cupcap	⩆
cupcup	⩊
cupdot	⊍
cupido	⯠
cupleftarrow	⊌
cupor	⩅
cupovercap	⩆
cups	∪︀
cupvee	⩅
curarr	↷
curarrm	⤼
curlyeqprec	⋞
curlyeqsucc	⋟
curlyvee	⋎
curlywedge	⋏
curren	¤
curvearrowleft	↶
curvearrowleftplus	⤽
curvearrowright	↷
curvearrowrightminus	⤼
custard	🍮
customs	🛃
cuvee	⋎
cuwed	⋏
cwcirclearrow	⥁
cwconint	∲
cwgapcirclearrow	⟳
cwint	∱
cwopencirclearrow	↻
cwrightarcarrow	⤸
cwundercurvearrow	⤾
cyclone	🌀
cylcty	⌭
cylindricity	⌭
dArr	⇓
dHar	⥥
daali	𞤣
dagger	†
dalda	ⲇ
daleth	ℸ
dancer	💃
danger	☡
dango	🍡
darr	↓
dash	‐
dashV	⫣
dashVdash	⟛
dashcolon	∹
dashleftharpoondown	⥫
dashrightharpoondown	⥭
dashv	⊣
dashvdash	⟚
dbkarow	⤏
dbkarrow	⤏
dblac	˝
dcaron	ď
dche	ԭ
dcy	д
dd	ⅆ
ddagger	‡
ddarr	⇊
ddddot	⃜
dddot	⃛
ddot	̈
ddotrahd	⤑
ddots	⋱
ddotseq	⩷
ddownarrow	⟱
dee	𐐼
deer	🦌
deg	°
degree	°
dei	Ϯ
del	∇
delta	δ
demptyv	⦱
desert	🏜
dfisht	⥿
dfr	𝔡
dhar	⥥
dharl	⇃
dharr	⇂
dhe	𐖝
diacriticalacute	´
diacriticaldot	˙
diacriticaldoubleacute	˝
diacriticalgrave	`
diacriticaltilde	˜
diaeresis	¨
diagdown	⟍
diagup	⟋
diam	⋄
diameter	⌀
diamond	⋄
diamondbotblack	⬙
diamondcdot	⟐
diamondleftarrow	⤝
diamondleftarrowbar	⤟
diamondleftblack	⬖
diamondrightblack	⬗
diamondsuit	♢
diamondtopblack	⬘
diams	♦
dicei	⚀
diceii	⚁
diceiii	⚂
diceiv	⚃
dicev	⚄
dicevi	⚅
die	¨
differentiald	ⅆ
digamma	ϝ
dingasterisk	✽
disin	⋲
disjquant	⨈
div	÷
divide	÷
divideontimes	⋇
divides	∣
divonx	⋇
divslash	∕
djcy	ђ
dje	ђ
djerv	ꙉ
djervi	ⰼ
dla	ꮬ
dlcorn	⌞
dlcrop	⌍
do	ꮩ
dobro	ⰴ
document	🗎
dodo	🦤
dog	🐕
dollar	$
dolphin	🐬
donkey	🫏
door	🚪
dopf	𝕕
dot	̇
dotdot	⃜
doteq	≐
doteqdot	≑
dotequal	≐
dotequiv	⩧
dotminus	∸
dotplus	∔
dots	…
dotsim	⩪
dotsminusdots	∺
dotsquare	⊡
dottedcircle	◌
dottedsquare	⬚
dottimes	⨰
doublebarvee	⩢
doublebarwedge	⩞
doublecontourintegral	∯
doubledot	¨
doubledownarrow	⇓
doubleleftarrow	⇐
doubleleftrightarrow	⇔
doublelefttee	⫤
doublelongleftarrow	⟸
doublelongleftrightarrow	⟺
doublelongrightarrow	⟹
doubleplus	⧺
doublerightarrow	⇒
doublerighttee	⊨
doubleuparrow	⇑
doubleupdownarrow	⇕
doubleverticalbar	∥
doughnut	🍩
downarrow	↓
downarrowbar	⤓
downarrowbarred	⤈
downarrowuparrow	⇵
downbreve	̑
downdasharrow	⇣
downdownarrows	⇊
downfishtail	⥿
downharpoonleft	⇃
downharpoonleftbar	⥙
downharpoonright	⇂
downharpoonrightbar	⥕
downharpoonsleftright	⥥
downleftrightvector	⥐
downleftteevector	⥞
downleftvector	↽
downleftvectorbar	⥖
downrightcurvedarrow	⤵
downrightteevector	⥟
downrightvector	⇁
downrightvectorbar	⥗
downtee	⊤
downteearrow	↧
downtriangleleftblack	⧨
downtrianglerightblack	⧩
downuparrows	⇵
downupharpoonsleftright	⥯
downwhitearrow	⇩
downzigzagarrow	↯
dprime	″
draftingarrow	➛
dragon	🐉
drbkarow	⤐
drbkarrow	⤐
drcorn	⌟
drcrop	⌌
dress	👗
droang	̚
droplet	💧
dscr	𝒹
dscy	ѕ
dsol	⧶
dstrok	đ
dsub	⩤
dtdot	⋱
dtri	▿
dtrif	▾
dualmap	⧟
duarr	⇵
duck	🦆
duhar	⥯
dumpling	🥟
dv	ꮫ
dvd	📀
dwangle	⦦
dwe	ꚁ
dz	Ǳ
dzcy	џ
dze	Ѕ
dzhe	Џ
dzigrarr	⟿
dzwe	ꚃ
dzze	ꚉ
dzzhe	ԫ
eDDot	⩷
eDot	≑
eacute	é
eagle	🦅
ear	👂
earth	♁
easter	⩮
eb	𐲂
ec	𐳄
ecaron	ě
ecir	≖
ecirc	ê
ecolon	≕
ecs	𐳆
ecy	э
ed	𐲇
eddot	⩷
edot	ė
ee	ⅇ
efDot	≒
efdot	≒
efr	𝔢
eg	⪚
egg	🥚
egrave	è
egs	⪖
egsdot	⪘
egy	𐳎
ehcha	𐓞
ehka	𐓥
ehpa	𐓭
ehta	𐓱
ehtsa	𐓳
ei	𐕷
eie	ⲉ
eighthnote	♪
ein	𐓠
ej	𐳒
ek	𐲓
el	⪙
element	∈
elephant	🐘
elevator	🛗
elf	🧝
elifi	Ჸ
elinters	⏧
ell	ℓ
els	⪕
elsdot	⪗
ely	𐳗
emacr	ē
emp	𐳡
empty	∅
emptyset	∅
emptysetoarr	⦳
emptysetoarrl	⦴
emptysetobar	⦱
emptysetocirc	⦲
emptysmallsquare	◻
emptyv	∅
emptyverysmallsquare	▫
emsp	 
enc	𐳅
enclosecircle	⃝
enclosediamond	⃟
enclosesquare	⃞
enclosetriangle	⃤
eng	ŋ
enleadertwodots	‥
enn	𑣐
ensp	 
ent	𐳧
envelope	✉
eogon	ę
eopf	𝕖
ep	𐲠
epar	⋕
eparsl	⧣
eplus	⩱
epsi	ε
epsilon	ε
epsiv	ϵ
eqcirc	≖
eqcolon	≕
eqdef	≝
eqdot	⩦
eqeq	⩵
eqeqeq	⩶
eqgtr	⋝
eqless	⋜
eqqgtr	⪚
eqqless	⪙
eqqplus	⩱
eqqsim	⩳
eqqslantgtr	⪜
eqqslantless	⪛
eqsim	≂
eqslantgtr	⪖
eqslantless	⪕
equal	=
equalleftarrow	⭀
equalparallel	⋕
equalrightarrow	⥱
equals	=
equaltilde	≂
equest	≟
equilibrium	⇌
equiv	≡
equivDD	⩸
equivVert	⩨
equivVvert	⩩
equivdd	⩸
equivvert	⩨
equivvvert	⩩
eqvparsl	⧥
erDot	≓
erarr	⥱
erdot	≓
errbarblackcircle	⧳
errbarblackdiamond	⧱
errbarblacksquare	⧯
errbarcircle	⧲
errbardiamond	⧰
errbarsquare	⧮
escr	ℯ
esdot	≐
esh	Ʃ
esim	≂
estimates	≙
esz	𐳥
et	Ꝫ
eta	η
eth	ð
ety	𐳨
euler	ℯ
eulerconst	ℇ
euml	ë
euro	€
ev	𐳮
ew	𐑏
excess	∹
excl	!
exclam	‼
exist	∃
exists	∃
expectation	ℰ
exponentiale	ⅇ
eye	👁
eyeglasses	👓
eyes	👀
ez	𐲯
ezh	ʒ
ezs	𐳰
factory	🏭
fairy	🧚
falafel	🧆
fallingdotseq	≒
family	👪
fbowtie	⧓
fcmp	⨾
fcy	ф
fdiagovnearrow	⤯
fdiagovrdiag	⤬
fe	𐖠
feather	🪶
feh	ֆ
fei	Ϥ
female	♀
fencer	🤺
ferry	⛴
ffilig	ﬃ
fflig	ﬀ
ffllig	ﬄ
ffr	𝔣
filig	ﬁ
filledsmallsquare	◼
filledverysmallsquare	▪
fingerprint	🫆
fint	⨏
finv	Ⅎ
fire	🔥
firecracker	🧨
fireworks	🎆
fish	🐟
fisheye	◉
fjlig	fj
flamingo	🦩
flat	♭
flatbread	🫓
flatness	⏥
fllig	ﬂ
flower	⚘
fltns	⏥
flute	🪈
fly	🪰
fnof	ƒ
fog	🌫
foggy	🌁
folder	🗀
fondue	🫕
foot	🦶
footprints	👣
fopf	𝕗
forall	∀
forces	⊩
fork	⋔
forking	⫝̸
forks	⫝̸
forksnot	⫝
forkv	⫙
fountain	⛲
fouriertrf	ℱ
fourthroot	∜
fourvdots	⦙
fpartint	⨍
fracslash	⁄
frasl	⁄
fritu	ⱇ
frown	⌢
fscr	𝒻
fullouterjoin	⟗
funnel	𜸈
fuse	⏛
gE	≧
gEl	⪌
gacute	ǵ
game	⅁
gamma	γ
gammad	ϝ
gangia	ϫ
gap	⪆
garlic	🧄
gay	𐑀
gbe	𞥀
gbreve	ğ
gcedil	Ģ
gcirc	ĝ
gcy	г
gdot	ġ
ge	≥
gear	⚙
gel	⋛
gemini	♊
genie	🧞
geq	≥
geqq	≧
geqqslant	⫺
geqslant	⩾
ges	⩾
gescc	⪩
gesdot	⪀
gesdoto	⪂
gesdotol	⪄
gesl	⋛︀
gesles	⪔
gfr	𝔤
gg	≫
ggg	⋙
gggnest	⫸
gha	𐓹
ghad	ղ
ghan	ⴖ
ghe	Г
ghost	👻
gim	Գ
gimel	ℷ
girl	👧
gjcy	ѓ
gje	ѓ
gl	≷
glE	⪒
gla	⪥
glagoli	ⰳ
gle	⪒
gleichstark	⧦
glj	⪤
gloves	🧤
gnE	≩
gnap	⪊
gnapprox	⪊
gne	⪈
gneq	⪈
gneqq	≩
gnsim	⋧
go	ꭺ
goat	🐐
goggles	🥽
golfer	🏌
gonggong	🝽
goose	🪿
gopf	𝕘
gorilla	🦍
grapes	🍇
grave	̀
greater	>
greaterequal	≥
greaterequalless	⋛
greaterfullequal	≧
greatergreater	⪢
greaterless	≷
greaterslantequal	⩾
greatertilde	≳
gscr	ℊ
gsim	≳
gsime	⪎
gsiml	⪐
gt	>
gtcc	⪧
gtcir	⩺
gtdot	⋗
gtlPar	⦕
gtlpar	⦠
gtquest	⩼
gtrapprox	⪆
gtrarr	⥸
gtrdot	⋗
gtreqless	⋛
gtreqqless	⪌
gtrless	≷
gtrsim	≳
guardsman	💂
guitar	🎸
gv	ꭼ
gvertneqq	≩︀
gvnE	≩︀
gvne	≩︀
hArr	⇔
hacek	ˇ
hades	⯡
hae	ⴠ
haircut	💇
hairsp	 
half	½
hamburger	🍔
hamilt	ℋ
hammer	🔨
hamsa	🪬
handbag	👜
handball	🤾
handshake	🤝
hardcy	ъ
harp	🪉
harr	↔
harrcir	⥈
harrowextender	⎯
harrw	↭
hat	̂
hatapprox	⩯
hate	ⲏ
haumea	🝻
hbar	ℏ
hcirc	ĥ
headphone	🎧
headstone	🪦
hearts	♥
heartsuit	♡
hedgehog	🦔
helicopter	🚁
hellip	…
heng	Ꜧ
herb	🌿
hercon	⊹
hermaphrodite	⚥
hermitmatrix	⊹
heru	ⱈ
heta	ͱ
hexagon	⎔
hexagonblack	⬣
hfr	𝔥
hha	𐖤
hibiscus	🌺
hie	ⴢ
hilbertspace	ℋ
hippopotamus	🦛
hiyo	𑣙
hknearrow	⤤
hknwarrow	⤣
hksearow	⤥
hksearrow	⤥
hkswarow	⤦
hkswarrow	⤦
hna	ꮏ
ho	Հ
hoarr	⇿
hocho	🔪
hole	🕳
holo	𑣚
homothetic	∻
homtht	∻
honeybee	🐝
hook	🪝
hookleftarrow	↩
hookrightarrow	↪
hopf	𝕙
horbar	―
hori	ϩ
horizbar	―
horizontalline	─
horr	𑣛
horse	🐎
hospital	🏥
hotel	🏨
hourglass	⌛
house	⌂
hp	𖹶
hrectangle	▭
hrectangleblack	▬
hscr	𝒽
hslash	ℏ
hstrok	ħ
humpdownhump	≎
humpequal	≏
hut	🛖
hv	ƕ
hwair	Ƕ
hwe	ꚕ
hya	𐓢
hyacinth	🪻
hybull	⁃
hygiea	⯚
hyphen	‐
hyphenbullet	⁃
hypodiastole	⸒
hzigzag	〰
iacute	í
iauda	ⲓ
ic	⁣
icirc	î
icy	и
idot	İ
ie	Е
iecy	е
iexcl	¡
iff	⇔
ifr	𝔦
igrave	ì
ii	ⅈ
iiiint	⨌
iiint	∭
iinfin	⧜
iint	∬
iiota	℩
ije	𐖦
ijlig	ĳ
im	ℑ
imacr	ī
image	ℑ
imageof	⊷
imaginaryi	ⅈ
imagline	ℐ
imagpart	ℑ
imath	ı
imof	⊷
imp	👿
imped	Ƶ
implies	⇒
in	∈
incare	℅
increment	∆
infin	∞
infinity	∞
infintie	⧝
infty	∞
ini	ի
inodot	ı
int	∫
intBar	⨎
intbar	⨍
intbottom	⌡
intcal	⊺
intcap	⨙
intclockwise	∱
intcup	⨚
integers	ℤ
integral	∫
intercal	⊺
intercalate	⊺
interleave	⫴
interrobang	‽
intersection	∩
intextender	⎮
intlarhk	⨗
intprod	⨼
intprodr	⨽
inttop	⌠
intx	⨘
inversebullet	◘
inversewhitecircle	◙
invisiblecomma	⁣
invisibletimes	⁢
invlazys	∾
invnot	⌐
invwhitelowerhalfcircle	◛
invwhiteupperhalfcircle	◚
io	ё
iocy	ё
iogon	į
iopf	𝕚
iota	ι
iprod	⨼
iquest	¿
is	Ꝭ
iscr	𝒾
isin	∈
isinE	⋹
isindot	⋵
isine	⋹
isinobar	⋷
isins	⋴
isinsv	⋳
isinv	∈
isinvb	⋸
it	⁢
itilde	ĩ
iukcy	і
iuml	ï
izhe	ⰹ
jar	🫙
jcirc	ĵ
jcy	й
jeans	👖
jee	𐐾
jellyfish	🪼
jfr	𝔧
jhan	ⴟ
jheh	ջ
jiim	𞤶
jil	ⴛ
jmath	ȷ
join	⨝
jopf	𝕛
joystick	🕹
jscr	𝒿
jsercy	ј
juggling	🤹
jukcy	є
juno	⚵
jupiter	♃
kaaba	🕋
kaf	𞤳
kako	ⰽ
kangaroo	🦘
kapa	ⲕ
kappa	κ
kappav	ϰ
kay	𐐿
kcedil	ķ
kcy	к
keh	ք
ken	Կ
kernelcontraction	∻
key	🔑
keyboard	⌨
keyhole	𜺱
kfr	𝔨
kgreen	ĸ
khanda	🪯
khar	ⴕ
khcy	х
khei	ϧ
khi	ⲭ
kimono	👘
kiss	💏
kite	🪁
kiwifruit	🥝
kjcy	ќ
kje	ќ
knot	🪢
ko	𑣌
koala	🐨
kopf	𝕜
koppa	Ҁ
kp	𖹦
kpo	𞥂
kra	ĸ
kronos	⯣
kscr	𝓀
kya	𐓦
lAarr	⇚
lAngle	⟪
lArr	⇐
lAtail	⤛
lBarr	⤎
lBrace	⦃
lBrack	⟦
lE	≦
lEg	⪋
lHar	⥢
lParen	⦅
laam	𞤤
laarr	⇚
label	🏷
lacute	ĺ
ladder	🪜
laemptyv	⦴
lagran	ℒ
lambda	λ
land	∧
lang	⟨
langd	⦑
langle	⟨
langledot	⦑
lap	⪅
laplac	⧠
laplacetrf	ℒ
laquo	«
larr	←
larrb	⇤
larrbfs	⤟
larrfs	⤝
larrhk	↩
larrlp	↫
larrpl	⤹
larrsim	⥳
larrtl	↢
las	ⴊ
lat	⪫
latail	⤙
late	⪭
lates	⪭︀
laula	ⲗ
lbag	⟅
lbarr	⤌
lbbrk	❲
lblkbrbrak	⦗
lbrace	{
lbracelend	⎩
lbracemid	⎨
lbraceuend	⎧
lbrack	[
lbrackextender	⎢
lbracklend	⎣
lbracklltick	⦏
lbrackubar	⦋
lbrackuend	⎡
lbrackultick	⦍
lbrbrak	❲
lbrke	⦋
lbrksld	⦏
lbrkslu	⦍
lcaron	ľ
lcedil	ļ
lceil	⌈
lcub	{
lcurvyangle	⧼
lcy	л
ldca	⤶
ldots	…
ldquo	“
ldquor	„
ldrdhar	⥧
ldrushar	⥋
ldsh	↲
le	≤
ledger	📒
leftanglebracket	⟨
leftarrow	←
leftarrowapprox	⭊
leftarrowbackapprox	⭂
leftarrowbar	⇤
leftarrowbsimilar	⭋
leftarrowless	⥷
leftarrowonoplus	⬲
leftarrowplus	⥆
leftarrowrightarrow	⇆
leftarrowshortrightarrow	⥃
leftarrowsimilar	⥳
leftarrowsubset	⥺
leftarrowtail	↢
leftarrowtriangle	⇽
leftarrowx	⬾
leftbkarrow	⤌
leftceiling	⌈
leftcurvedarrow	⬿
leftdasharrow	⇠
leftdbkarrow	⤎
leftdbltail	⤛
leftdotarrow	⬸
leftdoublebracket	⟦
leftdowncurvedarrow	⤶
leftdownteevector	⥡
leftdownvector	⇃
leftdownvectorbar	⥙
leftfishtail	⥼
leftfloor	⌊
leftharpoonaccent	⃐
leftharpoondown	↽
leftharpoondownbar	⥞
leftharpoonsupdown	⥢
leftharpoonup	↼
leftharpoonupbar	⥚
leftharpoonupdash	⥪
leftleftarrows	⇇
leftmoon	☾
leftouterjoin	⟕
leftrightarrow	↔
leftrightarrowcircle	⥈
leftrightarrows	⇆
leftrightarrowtriangle	⇿
leftrightharpoondowndown	⥐
leftrightharpoondownup	⥋
leftrightharpoons	⇋
leftrightharpoonsdown	⥧
leftrightharpoonsup	⥦
leftrightharpoonupdown	⥊
leftrightharpoonupup	⥎
leftrightsquigarrow	↭
leftrightvector	⥎
leftsquigarrow	⇜
lefttail	⤙
lefttee	⊣
leftteearrow	↤
leftteevector	⥚
leftthreearrows	⬱
leftthreetimes	⋋
lefttriangle	⊲
lefttrianglebar	⧏
lefttriangleequal	⊴
leftupdownvector	⥑
leftupteevector	⥠
leftupvector	↿
leftupvectorbar	⥘
leftvector	↼
leftvectorbar	⥒
leftwavearrow	↜
leftwhitearrow	⇦
leg	🦵
lemon	🍋
leo	♌
leopard	🐆
leq	≤
leqq	≦
leqqslant	⫹
leqslant	⩽
les	⩽
lescc	⪨
lesdot	⩿
lesdoto	⪁
lesdotor	⪃
lesg	⋚︀
lesges	⪓
less	<
lessapprox	⪅
lessdot	⋖
lesseqgtr	⋚
lesseqqgtr	⪋
lessequalgreater	⋚
lessfullequal	≦
lessgreater	≶
lessgtr	≶
lessless	⪡
lesssim	≲
lessslantequal	⩽
lesstilde	≲
lezh	ɮ
lfbowtie	⧑
lfisht	⥼
lfloor	⌊
lfr	𝔩
lftimes	⧔
lg	≶
lgE	⪑
lgblkcircle	⬤
lgblksquare	⬛
lge	⪑
lgroup	⟮
lgwhtcircle	◯
lgwhtsquare	⬜
lha	ԕ
lhar	⥢
lhard	↽
lharu	↼
lharul	⥪
lhblk	▄
libra	♎
lightning	☇
linefeed	↴
lips	🗢
lipstick	💄
liwn	լ
lizard	🦎
lj	Ǉ
ljcy	љ
lje	љ
ljudije	ⰾ
ll	≪
lla	𐖪
llama	🦙
llangle	⦉
llarc	◟
llarr	⇇
llblacktriangle	◣
llcorner	⌞
lleftarrow	⇚
llhard	⥫
lll	⋘
lllnest	⫷
llparenthesis	⦇
lltri	◺
lltriangle	◺
lmidot	ŀ
lmoust	⎰
lmoustache	⎰
lnE	≨
lnap	⪉
lnapprox	⪉
lne	⪇
lneq	⪇
lneqq	≨
lnot	¬
lnsim	⋦
loang	⟬
loarr	⇽
lobrk	⟦
lobster	🦞
lock	🔒
lollipop	🍭
longdashv	⟞
longdivision	⟌
longleftarrow	⟵
longleftrightarrow	⟷
longleftsquigarrow	⬳
longmapsfrom	⟻
longmapsto	⟼
longrightarrow	⟶
longrightsquigarrow	⟿
looparrowleft	↫
looparrowright	↬
lopar	⦅
lopf	𝕝
loplus	⨭
lor	∨
lotimes	⨴
lotus	🪷
lowast	∗
lowbar	_
lowerleftarrow	↙
lowerrightarrow	↘
lowint	⨜
loz	◊
lozenge	◊
lozengeminus	⟠
lozf	⧫
lpar	(
lparen	(
lparenextender	⎜
lparengtr	⦕
lparenlend	⎝
lparenless	⦓
lparenuend	⎛
lparlt	⦓
lrarc	◞
lrarr	⇆
lrblacktriangle	◢
lrcorner	⌟
lrhar	⇋
lrhard	⥭
lrm	‎
lrtri	⊿
lrtriangle	◿
lrtriangleeq	⧡
lsaquo	‹
lscr	𝓁
lsh	↰
lsim	≲
lsime	⪍
lsimg	⪏
lsqb	[
lsqhook	⫍
lsquo	‘
lsquor	‚
lstrok	ł
lt	<
ltcc	⪦
ltcir	⩹
ltdot	⋖
lthree	⋋
ltimes	⋉
ltlarr	⥶
ltquest	⩻
ltrPar	⦖
ltri	◃
ltrie	⊴
ltrif	◂
ltrivb	⧏
ltrpar	⦖
luggage	🧳
lungs	🫁
lurdshar	⥊
luruhar	⥦
lvboxline	⎸
lvertneqq	≨︀
lvnE	≨︀
lvne	≨︀
lvzigzag	⧘
mDDot	∺
macr	¯
macron	¯
mage	🧙
magnet	🧲
makemake	🝼
male	♂
malt	✠
maltese	✠
mammoth	🦣
man	👨
mango	🥭
map	↦
mapsdown	↧
mapsfrom	↤
mapsto	↦
mapstodown	↧
mapstoleft	↤
mapstoup	↥
mapsup	↥
maracas	🪇
marker	▮
mathampersand	&
mathatsign	@
mathcolon	:
mathcomma	,
mathdollar	$
matheth	ð
mathexclam	!
mathhyphen	‐
mathoctothorpe	#
mathparagraph	¶
mathpercent	%
mathperiod	.
mathplus	+
mathquestion	?
mathratio	∶
mathsection	§
mathsemicolon	;
mathslash	/
mathsterling	£
mathunderbar	̲
mathvisiblespace	␣
mathyen	¥
maximize	🗖
mbfA	𝐀
mbfAlpha	𝚨
mbfB	𝐁
mbfBeta	𝚩
mbfC	𝐂
mbfChi	𝚾
mbfD	𝐃
mbfDelta	𝚫
mbfDigamma	𝟊
mbfE	𝐄
mbfEpsilon	𝚬
mbfEta	𝚮
mbfF	𝐅
mbfG	𝐆
mbfGamma	𝚪
mbfH	𝐇
mbfI	𝐈
mbfIota	𝚰
mbfJ	𝐉
mbfK	𝐊
mbfKappa	𝚱
mbfL	𝐋
mbfLambda	𝚲
mbfM	𝐌
mbfMu	𝚳
mbfN	𝐍
mbfNu	𝚴
mbfO	𝐎
mbfOmega	𝛀
mbfOmicron	𝚶
mbfP	𝐏
mbfPhi	𝚽
mbfPi	𝚷
mbfPsi	𝚿
mbfQ	𝐐
mbfR	𝐑
mbfRho	𝚸
mbfS	𝐒
mbfSigma	𝚺
mbfT	𝐓
mbfTau	𝚻
mbfTheta	𝚯
mbfU	𝐔
mbfUpsilon	𝚼
mbfV	𝐕
mbfW	𝐖
mbfX	𝐗
mbfXi	𝚵
mbfY	𝐘
mbfZ	𝐙
mbfZeta	𝚭
mbfa	𝐚
mbfalpha	𝛂
mbfb	𝐛
mbfbeta	𝛃
mbfc	𝐜
mbfchi	𝛘
mbfd	𝐝
mbfdelta	𝛅
mbfdigamma	𝟋
mbfe	𝐞
mbfeight	𝟖
mbfepsilon	𝛜
mbfeta	𝛈
mbff	𝐟
mbffive	𝟓
mbffour	𝟒
mbffrakA	𝕬
mbffrakB	𝕭
mbffrakC	𝕮
mbffrakD	𝕯
mbffrakE	𝕰
mbffrakF	𝕱
mbffrakG	𝕲
mbffrakH	𝕳
mbffrakI	𝕴
mbffrakJ	𝕵
mbffrakK	𝕶
mbffrakL	𝕷
mbffrakM	𝕸
mbffrakN	𝕹
mbffrakO	𝕺
mbffrakP	𝕻
mbffrakQ	𝕼
mbffrakR	𝕽
mbffrakS	𝕾
mbffrakT	𝕿
mbffrakU	𝖀
mbffrakV	𝖁
mbffrakW	𝖂
mbffrakX	𝖃
mbffrakY	𝖄
mbffrakZ	𝖅
mbffraka	𝖆
mbffrakb	𝖇
mbffrakc	𝖈
mbffrakd	𝖉
mbffrake	𝖊
mbffrakf	𝖋
mbffrakg	𝖌
mbffrakh	𝖍
mbffraki	𝖎
mbffrakj	𝖏
mbffrakk	𝖐
mbffrakl	𝖑
mbffrakm	𝖒
mbffrakn	𝖓
mbffrako	𝖔
mbffrakp	𝖕
mbffrakq	𝖖
mbffrakr	𝖗
mbffraks	𝖘
mbffrakt	𝖙
mbffraku	𝖚
mbffrakv	𝖛
mbffrakw	𝖜
mbffrakx	𝖝
mbffraky	𝖞
mbffrakz	𝖟
mbfg	𝐠
mbfgamma	𝛄
mbfh	𝐡
mbfi	𝐢
mbfiota	𝛊
mbfitA	𝑨
mbfitAlpha	𝜜
mbfitB	𝑩
mbfitBeta	𝜝
mbfitC	𝑪
mbfitChi	𝜲
mbfitD	𝑫
mbfitDelta	𝜟
mbfitE	𝑬
mbfitEpsilon	𝜠
mbfitEta	𝜢
mbfitF	𝑭
mbfitG	𝑮
mbfitGamma	𝜞
mbfitH	𝑯
mbfitI	𝑰
mbfitIota	𝜤
mbfitJ	𝑱
mbfitK	𝑲
mbfitKappa	𝜥
mbfitL	𝑳
mbfitLambda	𝜦
mbfitM	𝑴
mbfitMu	𝜧
mbfitN	𝑵
mbfitNu	𝜨
mbfitO	𝑶
mbfitOmega	𝜴
mbfitOmicron	𝜪
mbfitP	𝑷
mbfitPhi	𝜱
mbfitPi	𝜫
mbfitPsi	𝜳
mbfitQ	𝑸
mbfitR	𝑹
mbfitRho	𝜬
mbfitS	𝑺
mbfitSigma	𝜮
mbfitT	𝑻
mbfitTau	𝜯
mbfitTheta	𝜣
mbfitU	𝑼
mbfitUpsilon	𝜰
mbfitV	𝑽
mbfitW	𝑾
mbfitX	𝑿
mbfitXi	𝜩
mbfitY	𝒀
mbfitZ	𝒁
mbfitZeta	𝜡
mbfita	𝒂
mbfitalpha	𝜶
mbfitb	𝒃
mbfitbeta	𝜷
mbfitc	𝒄
mbfitchi	𝝌
mbfitd	𝒅
mbfitdelta	𝜹
mbfite	𝒆
mbfitepsilon	𝝐
mbfiteta	𝜼
mbfitf	𝒇
mbfitg	𝒈
mbfitgamma	𝜸
mbfith	𝒉
mbfiti	𝒊
mbfitiota	𝜾
mbfitj	𝒋
mbfitk	𝒌
mbfitkappa	𝜿
mbfitl	𝒍
mbfitlambda	𝝀
mbfitm	𝒎
mbfitmu	𝝁
mbfitn	𝒏
mbfitnabla	𝜵
mbfitnu	𝝂
mbfito	𝒐
mbfitomega	𝝎
mbfitomicron	𝝄
mbfitp	𝒑
mbfitpartial	𝝏
mbfitphi	𝝓
mbfitpi	𝝅
mbfitpsi	𝝍
mbfitq	𝒒
mbfitr	𝒓
mbfitrho	𝝆
mbfits	𝒔
mbfitsansA	𝘼
mbfitsansAlpha	𝞐
mbfitsansB	𝘽
mbfitsansBeta	𝞑
mbfitsansC	𝘾
mbfitsansChi	𝞦
mbfitsansD	𝘿
mbfitsansDelta	𝞓
mbfitsansE	𝙀
mbfitsansEpsilon	𝞔
mbfitsansEta	𝞖
mbfitsansF	𝙁
mbfitsansG	𝙂
mbfitsansGamma	𝞒
mbfitsansH	𝙃
mbfitsansI	𝙄
mbfitsansIota	𝞘
mbfitsansJ	𝙅
mbfitsansK	𝙆
mbfitsansKappa	𝞙
mbfitsansL	𝙇
mbfitsansLambda	𝞚
mbfitsansM	𝙈
mbfitsansMu	𝞛
mbfitsansN	𝙉
mbfitsansNu	𝞜
mbfitsansO	𝙊
mbfitsansOmega	𝞨
mbfitsansOmicron	𝞞
mbfitsansP	𝙋
mbfitsansPhi	𝞥
mbfitsansPi	𝞟
mbfitsansPsi	𝞧
mbfitsansQ	𝙌
mbfitsansR	𝙍
mbfitsansRho	𝞠
mbfitsansS	𝙎
mbfitsansSigma	𝞢
mbfitsansT	𝙏
mbfitsansTau	𝞣
mbfitsansTheta	𝞗
mbfitsansU	𝙐
mbfitsansUpsilon	𝞤
mbfitsansV	𝙑
mbfitsansW	𝙒
mbfitsansX	𝙓
mbfitsansXi	𝞝
mbfitsansY	𝙔
mbfitsansZ	𝙕
mbfitsansZeta	𝞕
mbfitsansa	𝙖
mbfitsansalpha	𝞪
mbfitsansb	𝙗
mbfitsansbeta	𝞫
mbfitsansc	𝙘
mbfitsanschi	𝟀
mbfitsansd	𝙙
mbfitsansdelta	𝞭
mbfitsanse	𝙚
mbfitsansepsilon	𝟄
mbfitsanseta	𝞰
mbfitsansf	𝙛
mbfitsansg	𝙜
mbfitsansgamma	𝞬
mbfitsansh	𝙝
mbfitsansi	𝙞
mbfitsansiota	𝞲
mbfitsansj	𝙟
mbfitsansk	𝙠
mbfitsanskappa	𝞳
mbfitsansl	𝙡
mbfitsanslambda	𝞴
mbfitsansm	𝙢
mbfitsansmu	𝞵
mbfitsansn	𝙣
mbfitsansnabla	𝞩
mbfitsansnu	𝞶
mbfitsanso	𝙤
mbfitsansomega	𝟂
mbfitsansomicron	𝞸
mbfitsansp	𝙥
mbfitsanspartial	𝟃
mbfitsansphi	𝟇
mbfitsanspi	𝞹
mbfitsanspsi	𝟁
mbfitsansq	𝙦
mbfitsansr	𝙧
mbfitsansrho	𝞺
mbfitsanss	𝙨
mbfitsanssigma	𝞼
mbfitsanst	𝙩
mbfitsanstau	𝞽
mbfitsanstheta	𝞱
mbfitsansu	𝙪
mbfitsansupsilon	𝞾
mbfitsansv	𝙫
mbfitsansvarTheta	𝞡
mbfitsansvarepsilon	𝞮
mbfitsansvarkappa	𝟆
mbfitsansvarphi	𝞿
mbfitsansvarpi	𝟉
mbfitsansvarrho	𝟈
mbfitsansvarsigma	𝞻
mbfitsansvartheta	𝟅
mbfitsansw	𝙬
mbfitsansx	𝙭
mbfitsansxi	𝞷
mbfitsansy	𝙮
mbfitsansz	𝙯
mbfitsanszeta	𝞯
mbfitsigma	𝝈
mbfitt	𝒕
mbfittau	𝝉
mbfittheta	𝜽
mbfitu	𝒖
mbfitupsilon	𝝊
mbfitv	𝒗
mbfitvarTheta	𝜭
mbfitvarepsilon	𝜺
mbfitvarkappa	𝝒
mbfitvarphi	𝝋
mbfitvarpi	𝝕
mbfitvarrho	𝝔
mbfitvarsigma	𝝇
mbfitvartheta	𝝑
mbfitw	𝒘
mbfitx	𝒙
mbfitxi	𝝃
mbfity	𝒚
mbfitz	𝒛
mbfitzeta	𝜻
mbfj	𝐣
mbfk	𝐤
mbfkappa	𝛋
mbfl	𝐥
mbflambda	𝛌
mbfm	𝐦
mbfmu	𝛍
mbfn	𝐧
mbfnabla	𝛁
mbfnine	𝟗
mbfnu	𝛎
mbfo	𝐨
mbfomega	𝛚
mbfomicron	𝛐
mbfone	𝟏
mbfp	𝐩
mbfpartial	𝛛
mbfphi	𝛟
mbfpi	𝛑
mbfpsi	𝛙
mbfq	𝐪
mbfr	𝐫
mbfrho	𝛒
mbfs	𝐬
mbfsansA	𝗔
mbfsansAlpha	𝝖
mbfsansB	𝗕
mbfsansBeta	𝝗
mbfsansC	𝗖
mbfsansChi	𝝬
mbfsansD	𝗗
mbfsansDelta	𝝙
mbfsansE	𝗘
mbfsansEpsilon	𝝚
mbfsansEta	𝝜
mbfsansF	𝗙
mbfsansG	𝗚
mbfsansGamma	𝝘
mbfsansH	𝗛
mbfsansI	𝗜
mbfsansIota	𝝞
mbfsansJ	𝗝
mbfsansK	𝗞
mbfsansKappa	𝝟
mbfsansL	𝗟
mbfsansLambda	𝝠
mbfsansM	𝗠
mbfsansMu	𝝡
mbfsansN	𝗡
mbfsansNu	𝝢
mbfsansO	𝗢
mbfsansOmega	𝝮
mbfsansOmicron	𝝤
mbfsansP	𝗣
mbfsansPhi	𝝫
mbfsansPi	𝝥
mbfsansPsi	𝝭
mbfsansQ	𝗤
mbfsansR	𝗥
mbfsansRho	𝝦
mbfsansS	𝗦
mbfsansSigma	𝝨
mbfsansT	𝗧
mbfsansTau	𝝩
mbfsansTheta	𝝝
mbfsansU	𝗨
mbfsansUpsilon	𝝪
mbfsansV	𝗩
mbfsansW	𝗪
mbfsansX	𝗫
mbfsansXi	𝝣
mbfsansY	𝗬
mbfsansZ	𝗭
mbfsansZeta	𝝛
mbfsansa	𝗮
mbfsansalpha	𝝰
mbfsansb	𝗯
mbfsansbeta	𝝱
mbfsansc	𝗰
mbfsanschi	𝞆
mbfsansd	𝗱
mbfsansdelta	𝝳
mbfsanse	𝗲
mbfsanseight	𝟴
mbfsansepsilon	𝞊
mbfsanseta	𝝶
mbfsansf	𝗳
mbfsansfive	𝟱
mbfsansfour	𝟰
mbfsansg	𝗴
mbfsansgamma	𝝲
mbfsansh	𝗵
mbfsansi	𝗶
mbfsansiota	𝝸
mbfsansj	𝗷
mbfsansk	𝗸
mbfsanskappa	𝝹
mbfsansl	𝗹
mbfsanslambda	𝝺
mbfsansm	𝗺
mbfsansmu	𝝻
mbfsansn	𝗻
mbfsansnabla	𝝯
mbfsansnine	𝟵
mbfsansnu	𝝼
mbfsanso	𝗼
mbfsansomega	𝞈
mbfsansomicron	𝝾
mbfsansone	𝟭
mbfsansp	𝗽
mbfsanspartial	𝞉
mbfsansphi	𝞍
mbfsanspi	𝝿
mbfsanspsi	𝞇
mbfsansq	𝗾
mbfsansr	𝗿
mbfsansrho	𝞀
mbfsanss	𝘀
mbfsansseven	𝟳
mbfsanssigma	𝞂
mbfsanssix	𝟲
mbfsanst	𝘁
mbfsanstau	𝞃
mbfsanstheta	𝝷
mbfsansthree	𝟯
mbfsanstwo	𝟮
mbfsansu	𝘂
mbfsansupsilon	𝞄
mbfsansv	𝘃
mbfsansvarTheta	𝝧
mbfsansvarepsilon	𝝴
mbfsansvarkappa	𝞌
mbfsansvarphi	𝞅
mbfsansvarpi	𝞏
mbfsansvarrho	𝞎
mbfsansvarsigma	𝞁
mbfsansvartheta	𝞋
mbfsansw	𝘄
mbfsansx	𝘅
mbfsansxi	𝝽
mbfsansy	𝘆
mbfsansz	𝘇
mbfsanszero	𝟬
mbfsanszeta	𝝵
mbfscrA	𝓐
mbfscrB	𝓑
mbfscrC	𝓒
mbfscrD	𝓓
mbfscrE	𝓔
mbfscrF	𝓕
mbfscrG	𝓖
mbfscrH	𝓗
mbfscrI	𝓘
mbfscrJ	𝓙
mbfscrK	𝓚
mbfscrL	𝓛
mbfscrM	𝓜
mbfscrN	𝓝
mbfscrO	𝓞
mbfscrP	𝓟
mbfscrQ	𝓠
mbfscrR	𝓡
mbfscrS	𝓢
mbfscrT	𝓣
mbfscrU	𝓤
mbfscrV	𝓥
mbfscrW	𝓦
mbfscrX	𝓧
mbfscrY	𝓨
mbfscrZ	𝓩
mbfscra	𝓪
mbfscrb	𝓫
mbfscrc	𝓬
mbfscrd	𝓭
mbfscre	𝓮
mbfscrf	𝓯
mbfscrg	𝓰
mbfscrh	𝓱
mbfscri	𝓲
mbfscrj	𝓳
mbfscrk	𝓴
mbfscrl	𝓵
mbfscrm	𝓶
mbfscrn	𝓷
mbfscro	𝓸
mbfscrp	𝓹
mbfscrq	𝓺
mbfscrr	𝓻
mbfscrs	𝓼
mbfscrt	𝓽
mbfscru	𝓾
mbfscrv	𝓿
mbfscrw	𝔀
mbfscrx	𝔁
mbfscry	𝔂
mbfscrz	𝔃
mbfseven	𝟕
mbfsigma	𝛔
mbfsix	𝟔
mbft	𝐭
mbftau	𝛕
mbftheta	𝛉
mbfthree	𝟑
mbftwo	𝟐
mbfu	𝐮
mbfupsilon	𝛖
mbfv	𝐯
mbfvarTheta	𝚹
mbfvarepsilon	𝛆
mbfvarkappa	𝛞
mbfvarphi	𝛗
mbfvarpi	𝛡
mbfvarrho	𝛠
mbfvarsigma	𝛓
mbfvartheta	𝛝
mbfw	𝐰
mbfx	𝐱
mbfxi	𝛏
mbfy	𝐲
mbfz	𝐳
mbfzero	𝟎
mbfzeta	𝛇
mcomma	⨩
mcy	м
mdash	—
mdblkcircle	⚫
mdblkdiamond	⬥
mdblklozenge	⬧
mdblksquare	◼
mddot	∺
mdlgblkcircle	●
mdlgblkdiamond	◆
mdlgblklozenge	⧫
mdlgblksquare	■
mdlgwhtcircle	○
mdlgwhtdiamond	◇
mdlgwhtlozenge	◊
mdlgwhtsquare	□
mdsmblkcircle	⦁
mdsmblksquare	◾
mdsmwhtcircle	⚬
mdsmwhtsquare	◽
mdwhtcircle	⚪
mdwhtdiamond	⬦
mdwhtlozenge	⬨
mdwhtsquare	◻
me	𐖄
measangledltosw	⦯
measangledrtose	⦮
measangleldtosw	⦫
measanglelutonw	⦩
measanglerdtose	⦪
measanglerutone	⦨
measangleultonw	⦭
measangleurtone	⦬
measeq	≞
measuredangle	∡
measuredangleleft	⦛
measuredrightangle	⊾
medblackstar	⭑
mediumspace	 
medwhitestar	⭐
mellintrf	ℳ
melon	🍈
memo	📝
men	Մ
mercury	☿
merperson	🧜
metro	🚇
mfr	𝔪
mfrakA	𝔄
mfrakB	𝔅
mfrakC	ℭ
mfrakD	𝔇
mfrakE	𝔈
mfrakF	𝔉
mfrakG	𝔊
mfrakH	ℌ
mfrakJ	𝔍
mfrakK	𝔎
mfrakL	𝔏
mfrakM	𝔐
mfrakN	𝔑
mfrakO	𝔒
mfrakP	𝔓
mfrakQ	𝔔
mfrakS	𝔖
mfrakT	𝔗
mfrakU	𝔘
mfrakV	𝔙
mfrakW	𝔚
mfrakX	𝔛
mfrakY	𝔜
mfrakZ	ℨ
mfraka	𝔞
mfrakb	𝔟
mfrakc	𝔠
mfrakd	𝔡
mfrake	𝔢
mfrakf	𝔣
mfrakg	𝔤
mfrakh	𝔥
mfraki	𝔦
mfrakj	𝔧
mfrakk	𝔨
mfrakl	𝔩
mfrakm	𝔪
mfrakn	𝔫
mfrako	𝔬
mfrakp	𝔭
mfrakq	𝔮
mfrakr	𝔯
mfraks	𝔰
mfrakt	𝔱
mfraku	𝔲
mfrakv	𝔳
mfrakw	𝔴
mfrakx	𝔵
mfraky	𝔶
mfrakz	𝔷
mho	℧
mi	Ⲙ
micro	µ
microbe	🦠
microphone	🎤
microscope	🔬
mid	∣
midast	*
midbarvee	⩝
midbarwedge	⩜
midcir	⫰
middot	·
miim	𞤥
minibus	🚐
minidisc	💽
minimize	🗕
minus	−
minusb	⊟
minusd	∸
minusdot	⨪
minusdu	⨪
minusfdots	⨫
minusplus	∓
minusrdots	⨬
miny	⧿
mirror	🪞
mitA	𝐴
mitAlpha	𝛢
mitB	𝐵
mitBbbD	ⅅ
mitBbbd	ⅆ
mitBbbe	ⅇ
mitBbbi	ⅈ
mitBbbj	ⅉ
mitBeta	𝛣
mitC	𝐶
mitChi	𝛸
mitD	𝐷
mitDelta	𝛥
mitE	𝐸
mitEpsilon	𝛦
mitEta	𝛨
mitF	𝐹
mitG	𝐺
mitGamma	𝛤
mitH	𝐻
mitI	𝐼
mitIota	𝛪
mitJ	𝐽
mitK	𝐾
mitKappa	𝛫
mitL	𝐿
mitLambda	𝛬
mitM	𝑀
mitMu	𝛭
mitN	𝑁
mitNu	𝛮
mitO	𝑂
mitOmega	𝛺
mitOmicron	𝛰
mitP	𝑃
mitPhi	𝛷
mitPi	𝛱
mitPsi	𝛹
mitQ	𝑄
mitR	𝑅
mitRho	𝛲
mitS	𝑆
mitSigma	𝛴
mitT	𝑇
mitTau	𝛵
mitTheta	𝛩
mitU	𝑈
mitUpsilon	𝛶
mitV	𝑉
mitW	𝑊
mitX	𝑋
mitXi	𝛯
mitY	𝑌
mitZ	𝑍
mitZeta	𝛧
mita	𝑎
mitalpha	𝛼
mitb	𝑏
mitbbbd	ⅅ
mitbbbe	ⅇ
mitbbbi	ⅈ
mitbbbj	ⅉ
mitbeta	𝛽
mitc	𝑐
mitchi	𝜒
mitd	𝑑
mitdelta	𝛿
mite	𝑒
mitepsilon	𝜖
miteta	𝜂
mitf	𝑓
mitg	𝑔
mitgamma	𝛾
mith	𝐻
miti	𝑖
mitiota	𝜄
mitj	𝑗
mitk	𝑘
mitkappa	𝜅
mitl	𝑙
mitlambda	𝜆
mitm	𝑚
mitmu	𝜇
mitn	𝑛
mitnabla	𝛻
mitnu	𝜈
mito	𝑜
mitomega	𝜔
mitomicron	𝜊
mitp	𝑝
mitpartial	𝜕
mitphi	𝜙
mitpi	𝜋
mitpsi	𝜓
mitq	𝑞
mitr	𝑟
mitrho	𝜌
mits	𝑠
mitsansA	𝘈
mitsansB	𝘉
mitsansC	𝘊
mitsansD	𝘋
mitsansE	𝘌
mitsansF	𝘍
mitsansG	𝘎
mitsansH	𝘏
mitsansI	𝘐
mitsansJ	𝘑
mitsansK	𝘒
mitsansL	𝘓
mitsansM	𝘔
mitsansN	𝘕
mitsansO	𝘖
mitsansP	𝘗
mitsansQ	𝘘
mitsansR	𝘙
mitsansS	𝘚
mitsansT	𝘛
mitsansU	𝘜
mitsansV	𝘝
mitsansW	𝘞
mitsansX	𝘟
mitsansY	𝘠
mitsansZ	𝘡
mitsansa	𝘢
mitsansb	𝘣
mitsansc	𝘤
mitsansd	𝘥
mitsanse	𝘦
mitsansf	𝘧
mitsansg	𝘨
mitsansh	𝘩
mitsansi	𝘪
mitsansj	𝘫
mitsansk	𝘬
mitsansl	𝘭
mitsansm	𝘮
mitsansn	𝘯
mitsanso	𝘰
mitsansp	𝘱
mitsansq	𝘲
mitsansr	𝘳
mitsanss	𝘴
mitsanst	𝘵
mitsansu	𝘶
mitsansv	𝘷
mitsansw	𝘸
mitsansx	𝘹
mitsansy	𝘺
mitsansz	𝘻
mitsigma	𝜎
mitt	𝑡
mittau	𝜏
mittheta	𝜃
mitu	𝑢
mitupsilon	𝜐
mitv	𝑣
mitvarTheta	𝛳
mitvarepsilon	𝜀
mitvarkappa	𝜘
mitvarphi	𝜑
mitvarpi	𝜛
mitvarrho	𝜚
mitvarsigma	𝜍
mitvartheta	𝜗
mitw	𝑤
mitx	𝑥
mitxi	𝜉
mity	𝑦
mitz	𝑧
mitzeta	𝜁
mlcp	⫛
mldr	…
mnplus	∓
models	⊧
modtwosum	⨊
monkey	🐒
monorail	🚝
moose	🫎
mopf	𝕞
mosque	🕌
mosquito	🦟
motorway	🛣
mountain	⛰
mouse	🐁
mouth	👄
moyai	🗿
mp	∓
msansA	𝖠
msansB	𝖡
msansC	𝖢
msansD	𝖣
msansE	𝖤
msansF	𝖥
msansG	𝖦
msansH	𝖧
msansI	𝖨
msansJ	𝖩
msansK	𝖪
msansL	𝖫
msansM	𝖬
msansN	𝖭
msansO	𝖮
msansP	𝖯
msansQ	𝖰
msansR	𝖱
msansS	𝖲
msansT	𝖳
msansU	𝖴
msansV	𝖵
msansW	𝖶
msansX	𝖷
msansY	𝖸
msansZ	𝖹
msansa	𝖺
msansb	𝖻
msansc	𝖼
msansd	𝖽
msanse	𝖾
msanseight	𝟪
msansf	𝖿
msansfive	𝟧
msansfour	𝟦
msansg	𝗀
msansh	𝗁
msansi	𝗂
msansj	𝗃
msansk	𝗄
msansl	𝗅
msansm	𝗆
msansn	𝗇
msansnine	𝟫
msanso	𝗈
msansone	𝟣
msansp	𝗉
msansq	𝗊
msansr	𝗋
msanss	𝗌
msansseven	𝟩
msanssix	𝟨
msanst	𝗍
msansthree	𝟥
msanstwo	𝟤
msansu	𝗎
msansv	𝗏
msansw	𝗐
msansx	𝗑
msansy	𝗒
msansz	𝗓
msanszero	𝟢
mscr	𝓂
mscrA	𝒜
mscrB	ℬ
mscrC	𝒞
mscrD	𝒟
mscrE	ℰ
mscrF	ℱ
mscrG	𝒢
mscrH	ℋ
mscrI	ℐ
mscrJ	𝒥
mscrK	𝒦
mscrL	ℒ
mscrM	ℳ
mscrN	𝒩
mscrO	𝒪
mscrP	𝒫
mscrQ	𝒬
mscrR	ℛ
mscrS	𝒮
mscrT	𝒯
mscrU	𝒰
mscrV	𝒱
mscrW	𝒲
mscrX	𝒳
mscrY	𝒴
mscrZ	𝒵
mscra	𝒶
mscrb	𝒷
mscrc	𝒸
mscrd	𝒹
mscre	ℯ
mscrf	𝒻
mscrg	ℊ
mscrh	𝒽
mscri	𝒾
mscrj	𝒿
mscrk	𝓀
mscrl	𝓁
mscrm	𝓂
mscrn	𝓃
mscro	ℴ
mscrp	𝓅
mscrq	𝓆
mscrr	𝓇
mscrs	𝓈
mscrt	𝓉
mscru	𝓊
mscrv	𝓋
mscrw	𝓌
mscrx	𝓍
mscry	𝓎
mscrz	𝓏
mstpos	∾
mttA	𝙰
mttB	𝙱
mttC	𝙲
mttD	𝙳
mttE	𝙴
mttF	𝙵
mttG	𝙶
mttH	𝙷
mttI	𝙸
mttJ	𝙹
mttK	𝙺
mttL	𝙻
mttM	𝙼
mttN	𝙽
mttO	𝙾
mttP	𝙿
mttQ	𝚀
mttR	𝚁
mttS	𝚂
mttT	𝚃
mttU	𝚄
mttV	𝚅
mttW	𝚆
mttX	𝚇
mttY	𝚈
mttZ	𝚉
mtta	𝚊
mttb	𝚋
mttc	𝚌
mttd	𝚍
mtte	𝚎
mtteight	𝟾
mttf	𝚏
mttfive	𝟻
mttfour	𝟺
mttg	𝚐
mtth	𝚑
mtti	𝚒
mttj	𝚓
mttk	𝚔
mttl	𝚕
mttm	𝚖
mttn	𝚗
mttnine	𝟿
mtto	𝚘
mttone	𝟷
mttp	𝚙
mttq	𝚚
mttr	𝚛
mtts	𝚜
mttseven	𝟽
mttsix	𝟼
mttt	𝚝
mttthree	𝟹
mtttwo	𝟸
mttu	𝚞
mttv	𝚟
mttw	𝚠
mttx	𝚡
mtty	𝚢
mttz	𝚣
mttzero	𝟶
mu	μ
multimap	⊸
multimapinv	⟜
multiset	⊌
mum	ꝳ
mumap	⊸
mupAlpha	Α
mupBeta	Β
mupChi	Χ
mupDelta	Δ
mupEpsilon	Ε
mupEta	Η
mupGamma	Γ
mupIota	Ι
mupKappa	Κ
mupLambda	Λ
mupMu	Μ
mupNu	Ν
mupOmega	Ω
mupOmicron	Ο
mupPhi	Φ
mupPi	Π
mupPsi	Ψ
mupRho	Ρ
mupSigma	Σ
mupTau	Τ
mupTheta	Θ
mupUpsilon	Υ
mupXi	Ξ
mupZeta	Ζ
mupalpha	α
mupbeta	β
mupchi	χ
mupdelta	δ
mupepsilon	ϵ
mupeta	η
mupgamma	γ
mupiota	ι
mupkappa	κ
muplambda	λ
mupmu	μ
mupnu	ν
mupomega	ω
mupomicron	ο
mupphi	ϕ
muppi	π
muppsi	ψ
muprho	ρ
mupsigma	σ
muptau	τ
muptheta	θ
mupupsilon	υ
mupvarTheta	ϴ
mupvarepsilon	ε
mupvarkappa	ϰ
mupvarphi	φ
mupvarpi	ϖ
mupvarrho	ϱ
mupvarsigma	ς
mupvartheta	ϑ
mupxi	ξ
mupzeta	ζ
mushroom	🍄
mv	ᏽ
myslite	ⰿ
nGg	⋙̸
nGt	≫⃒
nGtv	≫̸
nHdownarrow	⇟
nHuparrow	⇞
nLeftarrow	⇍
nLeftrightarrow	⇎
nLl	⋘̸
nLt	≪⃒
nLtv	≪̸
nRightarrow	⇏
nVDash	⊯
nVdash	⊮
nVleftarrow	⇺
nVleftarrowtail	⬺
nVleftrightarrow	⇼
nVrightarrow	⇻
nVrightarrowtail	⤕
nVtwoheadleftarrow	⬵
nVtwoheadleftarrowtail	⬽
nVtwoheadrightarrow	⤁
nVtwoheadrightarrowtail	⤘
nabla	∇
nacute	ń
nah	ꮐ
nand	⊼
nang	∠⃒
nap	≉
napE	⩰̸
nape	⩰̸
napid	≋̸
napos	ŉ
napprox	≉
nashi	ⱀ
nasymp	≭
nat	ℕ
natur	♮
natural	♮
naturals	ℕ
nbsp	 
nbump	≎̸
nbumpe	≏̸
ncap	⩃
ncaron	ň
ncedil	ņ
ncong	≇
ncongdot	⩭̸
ncup	⩂
ncy	н
ndash	–
ne	≠
neArr	⇗
nearhk	⤤
nearr	↗
nearrow	↗
necktie	👔
nedot	≐̸
neg	¬
negativemediumspace	​
negativethickspace	​
negativethinspace	​
negativeverythinspace	​
neovnwarrow	⤱
neovsearrow	⤮
neptune	♆
neq	≠
nequiv	≢
nesear	⤨
nesim	≂̸
nessus	⯜
nestedgreatergreater	≫
nestedlessless	≪
neswarrow	⤢
neuter	⚲
newspaper	📰
nexist	∄
nexists	∄
nfr	𝔫
ngE	≧̸
ngaa	𑣀
nge	≱
ngeq	≱
ngeqq	≧̸
ngeqslant	⩾̸
nges	⩾̸
ngg	⋙̸
ngsim	≵
ngt	≯
ngtr	≯
ngtrless	≹
ngtrsim	≵
ngtv	≫̸
nhArr	⇎
nhVvert	⫵
nha	𞤽
nharr	↮
nhdownarrow	⇟
nhpar	⫲
nhuparrow	⇞
nhvvert	⫵
ni	∋
ninja	🥷
niobar	⋾
nis	⋼
nisd	⋺
niv	∋
nj	Ǌ
njcy	њ
nlArr	⇍
nlE	≦̸
nlarr	↚
nldr	‥
nle	≰
nleftarrow	↚
nleftrightarrow	↮
nleq	≰
nleqq	≦̸
nleqslant	⩽̸
nles	⩽̸
nless	≮
nlessgtr	≸
nlesssim	≴
nll	⋘̸
nlsim	≴
nlt	≮
nltri	⋪
nltrie	⋬
nltv	≪̸
nmid	∤
nni	∌
no	ꮓ
nobreak	⁠
nonbreakingspace	 
nonforking	⫝
nopf	𝕟
nor	⊽
nose	👃
not	¬
notaccent	̸
notcongruent	≢
notcupcap	≭
notdoubleverticalbar	∦
note	🗈
notebook	📓
notelement	∉
notequal	≠
notequaltilde	≂̸
notexists	∄
notgreater	≯
notgreaterequal	≱
notgreaterfullequal	≧̸
notgreatergreater	≫̸
notgreaterless	≹
notgreaterslantequal	⩾̸
notgreatertilde	≵
nothumpdownhump	≎̸
nothumpequal	≏̸
notin	∉
notinE	⋹̸
notindot	⋵̸
notine	⋹̸
notinva	∉
notinvb	⋷
notinvc	⋶
notlefttriangle	⋪
notlefttrianglebar	⧏̸
notlefttriangleequal	⋬
notless	≮
notlessequal	≰
notlessgreater	≸
notlessless	≪̸
notlessslantequal	⩽̸
notlesstilde	≴
notnestedgreatergreater	⪢̸
notnestedlessless	⪡̸
notni	∌
notniva	∌
notnivb	⋾
notnivc	⋽
notprecedes	⊀
notprecedesequal	⪯̸
notprecedesslantequal	⋠
notreverseelement	∌
notrighttriangle	⋫
notrighttrianglebar	⧐̸
notrighttriangleequal	⋭
notsquaresubset	⊏̸
notsquaresubsetequal	⋢
notsquaresuperset	⊐̸
notsquaresupersetequal	⋣
notsubset	⊂⃒
notsubsetequal	⊈
notsucceeds	⊁
notsucceedsequal	⪰̸
notsucceedsslantequal	⋡
notsucceedstilde	≿̸
notsuperset	⊃⃒
notsupersetequal	⊉
nottilde	≁
nottildeequal	≄
nottildefullequal	≇
nottildetilde	≉
notverticalbar	∤
now	ն
npar	∦
nparallel	∦
nparsl	⫽⃥
npart	∂̸
npolint	⨔
npr	⊀
nprcue	⋠
npre	⪯̸
nprec	⊀
npreccurlyeq	⋠
npreceq	⪯̸
nrArr	⇏
nrarr	↛
nrarrc	⤳̸
nrarrw	↝̸
nrightarrow	↛
nrtri	⋫
nrtrie	⋭
nsc	⊁
nsccue	⋡
nsce	⪰̸
nscr	𝓃
nshortmid	∤
nshortparallel	∦
nsim	≁
nsime	≄
nsimeq	≄
nsmid	∤
nspar	∦
nsqsube	⋢
nsqsubseteq	⋢
nsqsupe	⋣
nsqsupseteq	⋣
nsub	⊄
nsubE	⫅̸
nsube	⊈
nsubset	⊄
nsubseteq	⊈
nsubseteqq	⫅̸
nsucc	⊁
nsucccurlyeq	⋡
nsucceq	⪰̸
nsup	⊅
nsupE	⫆̸
nsupe	⊉
nsupset	⊅
nsupseteq	⊉
nsupseteqq	⫆̸
ntgl	≹
ntilde	ñ
ntlg	≸
ntriangleleft	⋪
ntrianglelefteq	⋬
ntriangleright	⋫
ntrianglerighteq	⋭
nu	ν
num	#
numero	№
numsp	 
nun	𞤐
nung	𑣓
nvDash	⊭
nvHarr	⤄
nvLeftarrow	⤂
nvLeftrightarrow	⤄
nvRightarrow	⤃
nvap	≍⃒
nvartriangleleft	⋪
nvartriangleright	⋫
nvdash	⊬
nvge	≥⃒
nvgt	>⃒
nvharr	⤄
nvinfin	⧞
nvinfty	⧞
nvlArr	⤂
nvlarr	⤂
nvle	≤⃒
nvleftarrow	⇷
nvleftarrowtail	⬹
nvleftrightarrow	⇹
nvlt	<⃒
nvltrie	⊴⃒
nvrArr	⤃
nvrarr	⤃
nvrightarrow	⇸
nvrightarrowtail	⤔
nvrtrie	⊵⃒
nvsim	∼⃒
nvtwoheadleftarrow	⬴
nvtwoheadleftarrowtail	⬼
nvtwoheadrightarrow	⤀
nvtwoheadrightarrowtail	⤗
nwArr	⇖
nwarhk	⤣
nwarr	↖
nwarrow	↖
nwnear	⤧
nwovnearrow	⤲
nwsearrow	⤡
ny	𖹷
oS	Ⓢ
oacute	ó
oast	⊛
obar	⌽
obot	⦺
obrbrak	⏠
obslash	⦸
occultation	🝵
ocir	⊚
ocirc	ô
ocommatopright	̕
octopus	🐙
ocy	о
odash	⊝
odblac	ő
odd	𑣑
oden	🍢
odiv	⨸
odot	⊙
odotslashdot	⦼
odsold	⦼
oe	𖹚
oee	𐳟
oelig	œ
ofcir	⦿
ofr	𝔬
ogon	˛
ogonek	˛
ograve	ò
ogreaterthan	⧁
ogt	⧁
oh	օ
ohbar	⦵
ohm	Ω
oi	ƣ
oiiint	∰
oiint	∯
oin	𐓫
oint	∮
ointctrclockwise	∳
olarr	↺
olcir	⦾
olcross	⦻
olessthan	⧀
oline	‾
olive	🫒
olt	⧀
omacr	ō
omega	ω
omicron	ο
omid	⦶
ominus	⊖
on	ⴍ
onion	🧅
onu	ⱁ
oo	ꝏ
oopf	𝕠
oou	ⲱ
opar	⦷
opencurlydoublequote	“
opencurlyquote	‘
operp	⦹
ophiuchus	⛎
oplus	⊕
opluslhrim	⨭
oplusrhrim	⨮
opposition	☍
or	∨
orangutan	🦧
orarr	↻
orcus	🝿
ord	⩝
order	ℴ
orderof	ℴ
ordf	ª
ordm	º
origof	⊶
oror	⩖
orslope	⩗
orv	⩛
os	Ⓢ
oscr	ℴ
oslash	ø
osol	⊘
ot	ѿ
otilde	õ
otimes	⊗
otimesas	⨶
otimeshat	⨶
otimeslhrim	⨴
otimesrhrim	⨵
otter	🦦
otu	ⱉ
oturnedcomma	̒
ou	Ȣ
ouml	ö
ovbar	⌽
overbar	̅
overbrace	⏞
overbracket	⎴
overlap	🗗
overleftarrow	⃖
overleftharpoon	⃐
overleftrightarrow	⃡
overline	‾
overparen	⏜
overparenthesis	⏜
overrightarrow	⃗
overrightharpoon	⃑
ovhook	̉
ow	𐐵
owl	🦉
ox	🐂
oyster	🦪
package	📦
page	🗏
pager	📟
pages	🗐
pagoda	🛔
pallas	⚴
palochka	ӏ
pancakes	🥞
paperclip	📎
par	∥
para	¶
parachute	🪂
paragraphos	⸏
parallel	∥
parallelogram	▱
parallelogramblack	▰
parrot	🦜
parsim	⫳
parsl	⫽
part	∂
partial	∂
partiald	∂
partialmeetcontraction	⪣
pcy	п
peach	🍑
peacock	🦚
peanuts	🥜
pear	🍐
pedestrian	🚶
pee	𐐹
peh	պ
pencil	✏
penguin	🐧
pentagon	⬠
pentagonblack	⬟
pentagram	⛤
percnt	%
period	.
permil	‰
perp	⟂
perpendicular	⟂
perps	⫡
perspective	⌆
pertenk	‱
pfr	𝔭
phar	ⴔ
phi	φ
phiv	ϕ
phmmat	ℳ
pholus	⯛
phone	☎
pi	π
pick	⛏
pie	🥧
pig	🐖
pill	💊
pinata	🪅
pineapple	🍍
pisces	♓
pistol	🔫
pitchfork	⋔
piv	ϖ
piwr	փ
placard	🪧
planck	ℏ
planckconst	ℎ
planckh	ℎ
plankv	ℏ
plunger	🪠
plus	+
plusacir	⨣
plusb	⊞
pluscir	⨢
plusdo	∔
plusdot	⨥
plusdu	⨥
pluse	⩲
pluseqq	⩲
plushat	⨣
plusminus	±
plusmn	±
plussim	⨦
plussubtwo	⨧
plustrif	⨨
plustwo	⨧
pluto	♇
pm	±
poincareplane	ℌ
pointint	⨕
pokoji	ⱂ
poodle	🐩
popcorn	🍿
popf	𝕡
poseidon	⯧
postalmark	〒
postbox	📮
potato	🥔
pouch	👝
pound	£
pr	≺
prE	⪳
prap	⪷
prcue	≼
pre	⪯
prec	≺
precapprox	⪷
preccurlyeq	≼
precedes	≺
precedesequal	⪯
precedesslantequal	≼
precedestilde	≾
preceq	⪯
preceqq	⪳
precnapprox	⪹
precneq	⪱
precneqq	⪵
precnsim	⋨
precsim	≾
pretzel	🥨
prime	′
primes	ℙ
prince	🤴
princess	👸
printer	🖨
prnE	⪵
prnap	⪹
prne	⪵
prnsim	⋨
prod	∏
product	∏
profalar	⌮
profline	⌒
profsurf	⌓
projective	⌅
prop	∝
propertyline	⅊
proportion	∷
proportional	∝
propto	∝
proserpina	⯘
prsim	≾
prurel	⊰
pscr	𝓅
psi	ψ
pu	𑢸
pullback	⟓
puncsp	 
purse	👛
pushout	⟔
pushpin	📌
qaaf	𞤹
qed	∎
qfr	𝔮
qint	⨌
qopf	𝕢
qprime	⁗
qscr	𝓆
qua	ꮖ
quaoar	🝾
quarternote	♩
quaternions	ℍ
quatint	⨖
quest	?
questeq	≟
question	⁇
qui	ꮘ
quincunx	⚻
quo	ꮙ
quot	"
quu	ꮚ
quv	ꮛ
rAarr	⇛
rAngle	⟫
rArr	⇒
rAtail	⤜
rBarr	⤏
rBrace	⦄
rBrack	⟧
rHar	⥤
rParen	⦆
raarr	⇛
rabbit	🐇
raccoon	🦝
race	∽̱
racute	ŕ
radic	√
radio	📻
rae	ⴐ
raemptyv	⦳
rain	⛆
rainbow	🌈
ram	🐏
rang	⟩
rangd	⦒
range	⦥
rangle	⟩
rangledot	⦒
rangledownzigzagarrow	⍼
raquo	»
rarr	→
rarrap	⥵
rarrb	⇥
rarrbfs	⤠
rarrc	⤳
rarrfs	⤞
rarrhk	↪
rarrlp	↬
rarrpl	⥅
rarrsim	⥴
rarrtl	↣
rarrw	↝
rat	🐀
ratail	⤚
ratio	∶
rationals	ℚ
razor	🪒
rbag	⟆
rbarr	⤍
rbbrk	❳
rblkbrbrak	⦘
rbrace	}
rbracelend	⎭
rbracemid	⎬
rbraceuend	⎫
rbrack	]
rbrackextender	⎥
rbracklend	⎦
rbracklrtick	⦎
rbrackubar	⦌
rbrackuend	⎤
rbrackurtick	⦐
rbrbrak	❳
rbrke	⦌
rbrksld	⦎
rbrkslu	⦐
rcaron	ř
rcedil	ŗ
rceil	⌉
rcub	}
rcurvyangle	⧽
rcy	р
rdca	⤷
rdiagovfdiag	⤫
rdiagovsearrow	⤰
rdldhar	⥩
rdquo	”
rdquor	”
rdsh	↳
re	ℜ
real	ℜ
realine	ℛ
realpart	ℜ
reals	ℝ
receipt	🧾
receptacle	𜰒
rect	▭
reg	®
reh	ր
response	℟
restroom	🚻
revangle	⦣
revangleubar	⦥
revemptyset	⦰
reverseelement	∋
reverseequilibrium	⇋
reversesolidus	⧵
reverseupequilibrium	⥯
revnmid	⫮
rfbowtie	⧒
rfisht	⥽
rfloor	⌋
rfr	𝔯
rftimes	⧕
rgroup	⟯
rha	ԗ
rhar	⥤
rhard	⇁
rharu	⇀
rharul	⥬
rhinoceros	🦏
rho	ρ
rhov	ϱ
ribbon	🎀
rifle	🥆
rightangle	∟
rightanglebracket	⟩
rightanglemdot	⦝
rightanglesqr	⦜
rightarrow	→
rightarrowapprox	⥵
rightarrowbackapprox	⭈
rightarrowbar	⇥
rightarrowbsimilar	⭌
rightarrowdiamond	⤞
rightarrowgtr	⭃
rightarrowleftarrow	⇄
rightarrowonoplus	⟴
rightarrowplus	⥅
rightarrowshortleftarrow	⥂
rightarrowsimilar	⥴
rightarrowsupset	⭄
rightarrowtail	↣
rightarrowtriangle	⇾
rightarrowx	⥇
rightbkarrow	⤍
rightceiling	⌉
rightcurvedarrow	⤳
rightdasharrow	⇢
rightdbltail	⤜
rightdotarrow	⤑
rightdoublebracket	⟧
rightdowncurvedarrow	⤷
rightdownteevector	⥝
rightdownvector	⇂
rightdownvectorbar	⥕
rightfishtail	⥽
rightfloor	⌋
rightharpoonaccent	⃑
rightharpoondown	⇁
rightharpoondownbar	⥗
rightharpoonsupdown	⥤
rightharpoonup	⇀
rightharpoonupbar	⥓
rightharpoonupdash	⥬
rightimply	⥰
rightleftarrows	⇄
rightleftharpoons	⇌
rightleftharpoonsdown	⥩
rightleftharpoonsup	⥨
rightmoon	☽
rightouterjoin	⟖
rightpentagon	⭔
rightpentagonblack	⭓
rightrightarrows	⇉
rightsquigarrow	⇝
righttail	⤚
righttee	⊢
rightteearrow	↦
rightteevector	⥛
rightthreearrows	⇶
rightthreetimes	⋌
righttriangle	⊳
righttrianglebar	⧐
righttriangleequal	⊵
rightupdownvector	⥏
rightupteevector	⥜
rightupvector	↾
rightupvectorbar	⥔
rightvector	⇀
rightvectorbar	⥓
rightwavearrow	↝
rightwhitearrow	⇨
ring	💍
ringplus	⨢
risingdotseq	≓
ritsi	ⱃ
rlarr	⇄
rlhar	⇌
rlm	‏
rmoust	⎱
rmoustache	⎱
rnmid	⫮
ro	ⲣ
roang	⟭
roarr	⇾
robrk	⟧
rock	🪨
rocket	🚀
rooster	🐓
ropar	⦆
ropf	𝕣
roplus	⨮
rose	🌹
rosette	🏵
rotimes	⨵
roundimplies	⥰
rowboat	🚣
rpar	)
rparen	)
rparenextender	⎟
rparengtr	⦔
rparenlend	⎠
rparenless	⦖
rparenuend	⎞
rpargt	⦔
rppolint	⨒
rrangle	⦊
rrarr	⇉
rrightarrow	⇛
rrparenthesis	⦈
rsaquo	›
rscr	𝓇
rsh	↱
rsolbar	⧷
rsqb	]
rsqhook	⫎
rsquo	’
rsquor	’
rsub	⩥
rthree	⋌
rtimes	⋊
rtri	▹
rtrie	⊵
rtrif	▸
rtriltri	⧎
ruledelayed	⧴
ruluhar	⥨
runner	🏃
rvboxline	⎹
rvzigzag	⧙
rx	℞
sacute	ś
sagittarius	♐
sailboat	⛵
saltillo	ꞌ
saltire	☓
sampi	Ⳁ
sandwich	🥪
sansLmirrored	⅃
sansLturned	⅂
sanslmirrored	⅃
sanslturned	⅂
sari	🥻
satellite	🛰
saturn	♄
sauropod	🦕
saxophone	🎷
sbquo	‚
sc	≻
scE	⪴
scales	⚖
scap	⪸
scarf	🧣
scaron	š
sccue	≽
sce	⪰
scedil	ş
school	🏫
schwa	ə
scirc	ŝ
scnE	⪶
scnap	⪺
scne	⪶
scnsim	⋩
scooter	🛴
scorpion	🦂
scorpius	♏
scpolint	⨓
screen	🖵
screwdriver	🪛
scroll	📜
scruple	℈
scsim	≿
scurel	⊱
scy	с
sdot	⋅
sdotb	⊡
sdote	⩦
se	𐖌
seArr	⇘
seal	🦭
searhk	⤥
searr	↘
searrow	↘
seat	💺
sect	§
sector	⌔
sedna	⯲
seedling	🌱
segment	⌓
seh	ս
selfie	🤳
semi	;
semicolon	;
semisextile	⚺
seovnearrow	⤭
sesquiquadrate	⚼
seswar	⤩
setminus	∖
setmn	∖
sext	✶
sextile	⚹
sfr	𝔰
sfrown	⌢
shamrock	☘
shark	🦈
sharp	♯
shcha	щ
shchcy	щ
shcy	ш
she	𐖍
sheep	🐑
shei	Ϣ
shha	һ
shield	🛡
shima	ϭ
ship	🚢
sho	ϸ
shortcake	🍰
shortdownarrow	↓
shortdowntack	⫟
shortleftarrow	←
shortlefttack	⫞
shortmid	∣
shortparallel	∥
shortrightarrow	→
shortrightarrowleftarrow	⥄
shorts	🩳
shortuparrow	↑
shortuptack	⫠
shovel	🪏
shower	🚿
shrimp	🦐
shrug	🤷
shta	ⱋ
shtapic	ⱜ
shuffle	⧢
shwe	ꚗ
shy	­
sigma	σ
sigmaf	ς
sigmav	ς
sii	𑣞
sim	∼
sima	ⲥ
simdot	⩪
sime	≃
simeq	≃
simg	⪞
simgE	⪠
simge	⪠
simgtr	⪞
similarleftarrow	⭉
similarrightarrow	⥲
siml	⪝
simlE	⪟
simle	⪟
simless	⪝
simminussim	⩬
simne	≆
simneqq	≆
simplus	⨤
simrarr	⥲
simrdots	⩫
sinewave	∿
sinnyiiyhe	𞤧
skateboard	🛹
skier	⛷
skull	💀
skunk	🦨
slarr	←
sled	🛷
slope	⌳
sloth	🦥
slovo	ⱄ
smallblacktriangleleft	◂
smallblacktriangleright	▸
smallcircle	∘
smallin	∊
smallni	∍
smallsetminus	∖
smalltriangleleft	◃
smalltriangleright	▹
smashp	⨳
smashtimes	⨳
smblkcircle	•
smblkdiamond	⬩
smblklozenge	⬪
smblksquare	▪
smeparsl	⧤
smid	∣
smile	⌣
smt	⪪
smte	⪬
smtes	⪬︀
smwhitestar	⭒
smwhtcircle	◦
smwhtdiamond	⋄
smwhtlozenge	⬫
smwhtsquare	▫
snail	🐌
snake	🐍
snowboarder	🏂
snowflake	❄
snowman	☃
so	ꮠ
socks	🧦
softball	🥎
softcy	ь
sol	/
solb	⧄
solbar	⌿
solidus	/
sopf	𝕤
sou	Ⲋ
space	 
spades	♠
spadesuit	♠
spaghetti	🍝
spar	∥
sparkle	❇
sparkles	✨
speaker	🔈
speedboat	🚤
sphericalangle	∢
sphericalangleup	⦡
spider	🕷
splatter	🫟
sponge	🧽
spoon	🥄
sqcap	⊓
sqcaps	⊓︀
sqcup	⊔
sqcups	⊔︀
sqint	⨖
sqlozenge	⌑
sqrt	√
sqrtbottom	⎷
sqsub	⊏
sqsube	⊑
sqsubset	⊏
sqsubseteq	⊑
sqsubsetneq	⋤
sqsup	⊐
sqsupe	⊒
sqsupset	⊐
sqsupseteq	⊒
sqsupsetneq	⋥
squ	□
square	□
squarebotblack	⬓
squarecrossfill	▩
squarehfill	▤
squarehvfill	▦
squareintersection	⊓
squareleftblack	◧
squarellblack	⬕
squarellquad	◱
squarelrblack	◪
squarelrquad	◲
squareneswfill	▨
squarenwsefill	▧
squarerightblack	◨
squaresubset	⊏
squaresubsetequal	⊑
squaresuperset	⊐
squaresupersetequal	⊒
squaretopblack	⬒
squareulblack	◩
squareulquad	◰
squareunion	⊔
squareurblack	⬔
squareurquad	◳
squarevfill	▥
squarf	▪
squf	▪
squid	🦑
squoval	▢
srarr	→
sscr	𝓈
ssetmn	∖
sslash	⫽
ssmile	⌣
sstarf	⋆
ssuu	𑣝
stadium	🏟
star	⋆
stareq	≛
starf	★
station	🚉
stethoscope	🩺
stigma	ϛ
stopwatch	⏱
straightepsilon	ϵ
straightness	⏤
straightphi	ϕ
strawberry	🍓
strns	⏤
stupa	🛓
sub	⊂
subE	⫅
subdot	⪽
sube	⊆
subedot	⫃
submult	⫁
subnE	⫋
subne	⊊
subplus	⪿
subrarr	⥹
subset	⊂
subsetapprox	⫉
subsetcirc	⟃
subsetdot	⪽
subseteq	⊆
subseteqq	⫅
subsetequal	⊆
subsetneq	⊊
subsetneqq	⫋
subsetplus	⪿
subsim	⫇
subsub	⫕
subsup	⫓
succ	≻
succapprox	⪸
succcurlyeq	≽
succeeds	≻
succeedsequal	⪰
succeedsslantequal	≽
succeedstilde	≿
succeq	⪰
succeqq	⪴
succnapprox	⪺
succneq	⪲
succneqq	⪶
succnsim	⋩
succsim	≿
suchthat	∋
sum	∑
sumbottom	⎳
sumint	⨋
sumtop	⎲
sun	☉
sunflower	🌻
sung	♪
sunrise	🌅
sup	⊃
supE	⫆
supdot	⪾
supdsub	⫘
supe	⊇
supedot	⫄
superhero	🦸
superset	⊃
supersetequal	⊇
supervillain	🦹
suphsol	⟉
suphsub	⫗
suplarr	⥻
supmult	⫂
supnE	⫌
supne	⊋
supplus	⫀
supset	⊃
supsetapprox	⫊
supsetcirc	⟄
supsetdot	⪾
supseteq	⊇
supseteqq	⫆
supsetneq	⊋
supsetneqq	⫌
supsetplus	⫀
supsim	⫈
supsub	⫔
supsup	⫖
surd	√
surfer	🏄
sushi	🍣
sv	ꮢ
swArr	⇙
swan	🦢
swarhk	⤦
swarr	↙
swarrow	↙
swimmer	🏊
swnwar	⤪
symmetry	⌯
synagogue	🕍
syringe	💉
szlig	ß
taco	🌮
talloblong	⫾
tamale	🫔
tangerine	🍊
target	⌖
tau	τ
taurus	♉
taxi	🚕
tbrk	⎴
tcaron	ť
tcedil	ţ
tche	ꚓ
tcy	т
tdot	⃛
teapot	🫖
tee	𐐻
telescope	🔭
television	📺
telrec	⌕
tent	⛺
tfr	𝔱
the	𐖶
thee	𐑄
therefore	∴
thermod	⧧
thermodynamic	⧧
thermometer	🌡
theta	θ
thetasym	ϑ
thetav	ϑ
thethe	ⲑ
thickapprox	≈
thicksim	∼
thickspace	  
thinsp	 
thinspace	 
thkap	≈
thksim	∼
thorn	þ
threedangle	⟀
threedotcolon	⫶
threeunderdot	⃨
thunderstorm	☈
ticket	🎫
tieconcat	⁀
tieinfty	⧝
tiger	🐅
tilde	~
tildeequal	≃
tildefullequal	≅
tildetilde	≈
times	×
timesb	⊠
timesbar	⨱
timesd	⨰
tint	∭
tiny	⧾
tiwn	տ
tje	ᲊ
tla	ꮭ
tle	ꮮ
tli	ꮯ
tlo	ꮰ
tlu	ꮱ
tlv	ꮲ
tminus	⧿
to	→
toea	⤨
toilet	🚽
tomato	🍅
tona	⤧
tongue	👅
toolbox	🧰
tooth	🦷
toothbrush	🪥
top	⊤
topbot	⌶
topcir	⫱
topf	𝕥
topfork	⫚
topsemicircle	◠
tosa	⤩
towa	⤪
tplus	⧾
tprime	‴
trackball	🖲
tractor	🚜
trade	™
train	🚆
tram	🚊
transpluto	⯗
trapezium	⏢
tresillo	ꜫ
triangle	▵
trianglecdot	◬
triangledown	▿
triangleleft	◁
triangleleftblack	◭
trianglelefteq	⊴
triangleminus	⨺
triangleodot	⧊
triangleplus	⨹
triangleq	≜
triangleright	▷
trianglerightblack	◮
trianglerighteq	⊵
triangles	⧌
triangleserifs	⧍
triangletimes	⨻
triangleubar	⧋
tricolon	⁝
tridot	◬
trie	≜
triminus	⨺
tripledot	⃛
tripleplus	⧻
triplus	⨹
trisb	⧍
tritime	⨻
troll	🧌
trolleybus	🚎
trophy	🏆
trpezium	⏢
trprime	‴
trslash	⫻
true	⊨
trumpet	🎺
tsa	𐓊
tscr	𝓉
tscy	ц
tse	Ц
tsha	𐓴
tshcy	ћ
tshe	ћ
tsi	Ⱌ
tso	ꮶ
tsse	ꚑ
tstrok	ŧ
tsu	ꮷ
tsv	ꮸ
tswe	ꚏ
tte	𑣒
tu	𞤚
tulip	🌷
turkey	🦃
turnangle	⦢
turnediota	℩
turnednot	⌙
turtle	🐢
tvrido	ⱅ
twe	ꚍ
twixt	≬
twocaps	⩋
twocups	⩊
twoheaddownarrow	↡
twoheadleftarrow	↞
twoheadleftarrowtail	⬻
twoheadleftdbkarrow	⬷
twoheadmapsfrom	⬶
twoheadmapsto	⤅
twoheadrightarrow	↠
twoheadrightarrowtail	⤖
twoheaduparrow	↟
twoheaduparrowcircle	⥉
twolowline	‗
twonotes	♫
typecolon	⦂
tz	ꜩ
uArr	⇑
uHar	⥣
ua	ⲩ
uacute	ú
uarr	↑
uarrocir	⥉
ubrbrak	⏡
ubrcy	ў
ubreve	ŭ
uc	𑣏
ucirc	û
ucy	у
udarr	⇅
udblac	ű
udhar	⥮
ue	ᵫ
ufisht	⥾
ufr	𝔲
ugrave	ù
uhar	⥣
uharl	↿
uharr	↾
uhblk	▀
ui	ꭐ
uk	Ѹ
uku	ⱆ
ularc	◜
ulblacktriangle	◤
ulcorn	⌜
ulcorner	⌜
ulcrop	⌏
ultri	◸
ultriangle	◸
umacr	ū
umbrella	☂
uminus	⩁
uml	¨
underbar	_
underbrace	⏟
underbracket	⎵
underleftarrow	⃮
underleftharpoondown	⃭
underleftrightarrow	͍
underparen	⏝
underparenthesis	⏝
underrightarrow	⃯
underrightharpoondown	⃬
undertie	‿
unicodecdots	⋯
unicodeellipsis	…
union	∪
unionplus	⊎
unk	𐳕
uo	ꭣ
uogon	ų
uopf	𝕦
upDigamma	Ϝ
upand	⅋
uparrow	↑
uparrowbar	⤒
uparrowbarred	⤉
uparrowdownarrow	⇅
uparrowoncircle	⦽
upbackepsilon	϶
updasharrow	⇡
updigamma	ϝ
updownarrow	↕
updownarrowbar	↨
updownarrows	⇅
updownharpoonleftleft	⥑
updownharpoonleftright	⥍
updownharpoonrightleft	⥌
updownharpoonrightright	⥏
updownharpoonsleftright	⥮
upequilibrium	⥮
upfishtail	⥾
upharpoonleft	↿
upharpoonleftbar	⥠
upharpoonright	↾
upharpoonrightbar	⥜
upharpoonsleftright	⥣
upin	⟒
upint	⨛
uplus	⊎
upperleftarrow	↖
upperrightarrow	↗
uprightcurvearrow	⤴
upsi	υ
upsih	ϒ
upsilon	υ
uptee	⊥
upteearrow	↥
upuparrows	⇈
upwhitearrow	⇧
uranus	♅
urarc	◝
urblacktriangle	◥
urcorn	⌝
urcorner	⌝
urcrop	⌎
uring	ů
urtri	◹
urtriangle	◹
us	𐲲
uscr	𝓊
utdot	⋰
utilde	ũ
utri	▵
utrif	▴
uuarr	⇈
uuml	ü
uuparrow	⟰
uwangle	⦧
vArr	⇕
vBar	⫨
vBarv	⫩
vDash	⊨
vDdash	⫢
va	𞤜
vampire	🧛
vangrt	⦜
varVdash	⫦
varbarwedge	⌅
varcarriagereturn	⏎
varclubsuit	♧
vardiamondsuit	♦
vardoublebarwedge	⌆
varepsilon	ε
varheartsuit	♥
varhexagon	⬡
varhexagonblack	⬢
varhexagonlrbonds	⌬
varisinobar	⋶
varisins	⋳
varkappa	ϰ
varlrtriangle	⊿
varniobar	⋽
varnis	⋻
varnothing	∅
varointclockwise	∲
varphi	φ
varpi	ϖ
varpropto	∝
varr	↕
varrho	ϱ
varsigma	ς
varspadesuit	♤
varstar	✶
varsubsetneq	⊊︀
varsubsetneqq	⫋︀
varsupsetneq	⊋︀
varsupsetneqq	⫌︀
vartheta	ϑ
vartriangle	▵
vartriangleleft	⊲
vartriangleright	⊳
varvdash	⫦
varveebar	⩡
vbar	⫨
vbarv	⫩
vbraceextender	⎪
vbrtri	⧐
vcy	в
vdash	⊢
vdashl	⫦
vddash	⫢
vdots	⋮
vec	⃗
vectimes	⨯
vede	ⰲ
vee	∨
veebar	⊻
veedot	⟇
veedoublebar	⩣
veeeq	≚
veemidvert	⩛
veeodot	⩒
veeonvee	⩖
veeonwedge	⩙
vellip	⋮
vend	ꝩ
verbar	|
versicle	℣
vert	|
verticalbar	∣
verticalline	|
verticalseparator	❘
verticaltilde	≀
vertoverlay	⃒
verythinspace	 
vesta	⚶
vew	վ
vfr	𝔳
vida	ⲃ
videocassette	📼
viewdata	⌗
vin	ⴅ
violin	🎻
virgo	♍
viyo	𑣟
vlongdash	⟝
vltri	⊲
vnsub	⊂⃒
vnsup	⊃⃒
vo	ո
volcano	🌋
volleyball	🏐
vopf	𝕧
vprop	∝
vrectangle	▯
vrectangleblack	▮
vrtri	⊳
vscr	𝓋
vsubnE	⫋︀
vsubne	⊊︀
vsupnE	⫌︀
vsupne	⊋︀
vulcanus	⯦
vvdash	⊪
vvert	⦀
vy	ꝡ
vysmblkcircle	∙
vysmblksquare	⬝
vysmwhtcircle	∘
vysmwhtsquare	⬞
vzigzag	⦚
waffle	🧇
wastebasket	🗑
watch	⌚
watermelon	🍉
waw	𞤱
wcirc	ŵ
wedbar	⩟
wedding	💒
wedge	∧
wedgebar	⩟
wedgedot	⟑
wedgedoublebar	⩠
wedgemidvert	⩚
wedgeodot	⩑
wedgeonwedge	⩕
wedgeq	≙
weierp	℘
wfr	𝔴
whale	🐋
wheel	🛞
whitearrowupfrombar	⇪
whiteinwhitetriangle	⟁
whitepointerleft	◅
whitepointerright	▻
whitesquaretickleft	⟤
whitesquaretickright	⟥
whthorzoval	⬭
whtvertoval	⬯
wi	𑢢
wideangledown	⦦
wideangleup	⦧
widebreve	̆
widebridgeabove	⃩
widecheck	̌
widehat	̂
wideoverbar	̅
widetilde	̃
wideutilde	̰
window	🪟
wing	🪽
wireless	🛜
woman	👩
wood	🪵
wopf	𝕨
world	🌍
worm	🪱
wp	℘
wr	≀
wreath	≀
wrench	🔧
wrestlers	🤼
wscr	𝓌
wu	𐐎
wv	ꮾ
wynn	Ƿ
xa	𐵻
xan	ⴞ
xbsol	⧹
xcap	⋂
xcirc	◯
xcup	⋃
xdtri	▽
xe	𐖹
xeh	խ
xfr	𝔵
xhArr	⟺
xharr	⟷
xi	ξ
xlArr	⟸
xlarr	⟵
xmap	⟼
xnis	⋻
xodot	⨀
xopf	𝕩
xoplus	⨁
xor	⊻
xotime	⨂
xrArr	⟹
xrarr	⟶
xscr	𝓍
xsol	⧸
xsqcup	⨆
xuplus	⨄
xutri	△
xvee	⋁
xwedge	⋀
yacute	ý
yacy	я
yae	ԙ
yat	ѣ
yati	ⱑ
ycirc	ŷ
ycy	ы
yee	𐐷
yen	¥
yeri	ⱐ
yestu	ⰵ
yfr	𝔶
yhe	𞤰
yicy	ї
yiwn	ւ
yogh	ȝ
yopf	𝕪
yot	Ϳ
yscr	𝓎
yucy	ю
yuj	𑣎
yuml	ÿ
yup	⅄
yv	ᏼ
zacute	ź
zal	𞤟
zata	ⲍ
zbar	Ƶ
zcaron	ž
zcmp	⨟
zcy	з
zdot	ż
zee	𐑆
zeetrf	ℨ
zemlja	ⰸ
zemlya	ꙁ
zerowidthspace	​
zeta	ζ
zeus	⯢
zfr	𝔷
zha	𐓓
zhar	ⴏ
zhcy	ж
zhee	𐑈
zhivete	ⰶ
zhwe	ꚅ
zigrarr	⇝
zombie	🧟
zopf	𝕫
zpipe	⨠
zproject	⨡
zscr	𝓏
zwj	‍
zwnj	‌
